city,timestamp,aqi,pm25,pm10,no2,so2,co,o3,temperature,humidity,wind_speed,pressure
Islamabad,2026-02-22 14:09:09.824322,66.2,43.7,55.7,50.7,22.1,0.89,37.4,22.7,35.0,7.7,1006.1
Islamabad,2026-02-23 14:09:09.824322,80.5,38.7,64.3,56.4,7.6,3.18,44.6,31.4,35.6,2.4,994.8
Islamabad,2026-02-24 14:09:09.824322,127.3,73.3,115.6,32.1,21.2,3.78,23.8,35.6,37.5,6.7,990.7
Islamabad,2026-02-25 14:09:09.824322,93.7,55.2,83.5,23.4,14.2,3.63,60.0,34.7,47.3,9.5,997.5
Islamabad,2026-02-26 14:09:09.824322,66.2,42.2,56.7,56.6,18.6,1.2,57.0,33.6,64.3,7.8,992.1
Islamabad,2026-02-27 14:09:09.824322,85.9,50.4,62.4,23.5,11.2,0.72,47.5,33.3,56.4,10.1,992.4
Islamabad,2026-02-28 14:09:09.824322,59.6,33.6,34.8,46.2,5.2,2.56,56.8,30.9,34.5,10.7,992.7
Islamabad,2026-03-01 14:09:09.824322,102.5,59.8,86.5,58.9,7.5,0.53,46.0,17.3,64.9,13.7,1003.0
Islamabad,2026-03-02 14:09:09.824322,61.6,38.9,38.7,45.1,22.0,1.93,20.9,29.6,35.2,6.8,1018.7
Islamabad,2026-03-03 14:09:09.824322,96.4,65.5,68.1,39.9,26.7,3.81,26.4,18.9,76.7,11.0,1016.5
Islamabad,2026-03-04 14:09:09.824322,67.0,37.5,51.4,40.0,20.6,2.77,36.0,15.4,77.9,3.8,1010.3
Islamabad,2026-03-05 14:09:09.824322,43.1,21.2,22.5,20.3,17.1,1.44,37.2,31.4,78.1,9.1,992.3
Islamabad,2026-03-06 14:09:09.824322,90.0,55.7,71.6,13.4,18.0,1.13,78.2,17.8,44.2,11.1,1011.1
Islamabad,2026-03-07 14:09:09.824322,76.9,43.4,62.8,43.6,20.8,1.2,45.1,33.8,26.1,4.2,998.3
Islamabad,2026-03-08 14:09:09.824322,85.2,43.5,77.1,46.6,15.1,0.74,67.0,22.1,46.0,10.3,1000.0
Islamabad,2026-03-09 14:09:09.824322,93.7,49.4,84.6,55.3,5.3,2.86,23.1,28.7,37.3,4.6,1000.6
Islamabad,2026-03-10 14:09:09.824322,91.5,44.1,82.0,16.6,26.6,1.05,38.6,22.3,72.3,10.1,1013.9
Islamabad,2026-03-11 14:09:09.824322,49.6,28.0,46.8,37.3,29.2,0.68,50.3,33.0,71.8,2.7,1014.0
Islamabad,2026-03-12 14:09:09.824322,67.7,40.6,59.5,29.0,9.1,3.25,64.1,24.6,21.5,12.6,990.3
Islamabad,2026-03-13 14:09:09.824322,93.3,58.1,81.4,19.8,13.6,1.67,78.7,36.4,62.1,10.9,1006.9
Islamabad,2026-03-14 14:09:09.824322,108.0,74.8,111.3,28.5,28.3,3.4,61.8,32.9,47.7,13.8,1010.8
Islamabad,2026-03-15 14:09:09.824322,63.4,40.6,54.1,57.6,6.1,1.43,56.1,22.4,62.9,11.4,993.1
Islamabad,2026-03-16 14:09:09.824322,57.0,38.1,43.6,50.3,29.6,3.14,43.6,29.8,59.7,1.2,1006.3
Islamabad,2026-03-17 14:09:09.824322,58.3,29.5,52.0,47.1,26.2,1.98,38.2,23.1,62.8,12.3,995.4
Islamabad,2026-03-18 14:09:09.824322,88.1,50.3,69.8,16.4,24.1,0.5,45.0,28.1,23.3,14.6,996.8
Islamabad,2026-03-19 14:09:09.824322,27.9,17.7,25.8,26.6,22.3,3.2,59.3,18.8,72.6,8.1,998.5
Islamabad,2026-03-20 14:09:09.824322,91.7,54.1,80.7,49.0,16.9,2.24,32.3,29.8,31.2,5.0,1015.7
Islamabad,2026-03-21 14:09:09.824322,71.9,46.5,58.3,31.8,19.5,2.31,65.5,22.1,41.2,13.4,1018.4
Islamabad,2026-03-22 14:09:09.824322,68.0,34.7,60.2,19.6,28.0,0.86,50.4,20.5,22.3,0.5,995.3
Islamabad,2026-03-23 14:09:09.824322,67.0,46.8,65.0,55.9,28.8,2.52,41.4,34.7,35.1,8.5,1000.8
Islamabad,2026-03-24 14:09:09.824322,80.0,45.6,66.1,31.4,5.7,2.18,59.7,18.0,37.3,6.0,1017.6
Islamabad,2026-03-25 14:09:09.824322,109.7,67.6,85.2,10.5,13.9,3.74,33.7,30.9,33.3,4.8,1015.4
Islamabad,2026-03-26 14:09:09.824322,52.7,33.8,42.3,47.9,9.0,2.17,63.1,21.2,58.4,10.0,994.9
Islamabad,2026-03-27 14:09:09.824322,48.0,31.1,54.6,13.7,20.6,3.93,31.4,34.8,74.5,14.2,1018.8
Islamabad,2026-03-28 14:09:09.824322,83.7,43.1,64.8,12.5,26.1,3.93,67.6,36.3,34.5,14.4,995.9
Islamabad,2026-03-29 14:09:09.824322,63.3,48.4,37.8,35.0,22.0,0.77,36.5,35.2,47.6,8.2,1003.0
Islamabad,2026-03-30 14:09:09.824322,67.7,48.5,46.0,23.0,13.6,3.71,37.4,26.7,73.4,10.6,991.9
Islamabad,2026-03-31 14:09:09.824322,80.4,49.4,54.3,19.8,8.5,2.68,66.9,29.5,28.8,12.2,1009.1
Islamabad,2026-04-01 14:09:09.824322,50.6,29.3,52.4,29.9,12.6,0.73,33.7,21.2,49.0,11.2,1004.2
Islamabad,2026-04-02 14:09:09.824322,82.0,57.0,55.7,10.1,12.5,2.76,78.5,36.2,21.4,13.5,1013.5
Islamabad,2026-04-03 14:09:09.824322,76.2,49.3,66.7,36.1,29.4,0.94,21.0,34.3,68.4,1.8,998.0
Islamabad,2026-04-04 14:09:09.824322,75.4,40.3,39.8,36.5,19.9,0.53,47.8,39.1,51.1,10.2,999.4
Islamabad,2026-04-05 14:09:09.824322,58.6,30.6,52.0,54.5,12.2,1.79,23.5,17.8,51.0,4.0,1015.1
Islamabad,2026-04-06 14:09:09.824322,100.8,60.1,86.0,40.4,12.4,0.98,59.1,33.5,38.9,9.7,1001.9
Islamabad,2026-04-07 14:09:09.824322,73.7,41.5,49.2,28.5,6.3,3.19,45.0,35.6,71.0,3.2,1009.7
Islamabad,2026-04-08 14:09:09.824322,81.8,50.1,60.5,49.1,21.1,0.67,41.6,38.9,50.0,6.5,1003.7
Islamabad,2026-04-09 14:09:09.824322,63.6,39.5,46.2,34.7,14.7,2.71,62.2,15.1,30.0,10.7,1010.0
Islamabad,2026-04-10 14:09:09.824322,66.8,38.6,42.7,52.1,12.8,3.26,73.5,25.8,74.6,5.7,1018.9
Islamabad,2026-04-11 14:09:09.824322,69.8,41.9,55.8,12.3,11.9,2.97,23.8,36.0,20.2,3.7,1012.2
Islamabad,2026-04-12 14:09:09.824322,101.2,74.5,84.1,23.6,17.4,1.49,28.0,30.7,23.3,11.2,999.5
Islamabad,2026-04-13 14:09:09.824322,76.1,30.6,62.4,39.3,20.6,0.75,61.0,21.0,62.8,12.3,1014.1
Islamabad,2026-04-14 14:09:09.824322,64.6,34.1,58.3,26.1,16.9,1.29,58.4,39.5,56.2,5.4,1009.4
Islamabad,2026-04-15 14:09:09.824322,65.1,29.6,53.8,13.8,17.5,3.28,62.4,16.3,24.4,6.0,998.9
Islamabad,2026-04-16 14:09:09.824322,79.5,43.3,62.3,30.4,6.7,1.72,26.7,35.2,76.9,1.1,1018.7
Islamabad,2026-04-17 14:09:09.824322,97.2,62.0,81.9,47.0,8.6,3.14,66.1,31.5,66.0,12.7,1008.4
Islamabad,2026-04-18 14:09:09.824322,60.6,29.4,43.4,20.5,28.9,0.53,79.9,31.9,69.7,4.4,990.4
Islamabad,2026-04-19 14:09:09.824322,81.8,52.0,41.9,41.3,28.2,0.57,48.6,32.2,63.4,10.4,994.0
Islamabad,2026-04-20 14:09:09.824322,90.4,57.5,76.8,20.0,7.7,3.49,46.3,36.2,73.6,0.9,1016.5
Islamabad,2026-04-21 14:09:09.824322,72.6,39.0,52.9,48.1,14.7,2.29,49.5,29.4,71.9,14.7,1002.2
Islamabad,2026-04-22 14:09:09.824322,85.4,49.5,73.3,57.2,8.7,2.12,78.9,27.1,71.8,8.8,1001.3
Islamabad,2026-04-23 14:09:09.824322,74.3,57.8,47.4,21.4,29.1,3.68,63.3,28.3,72.2,2.0,1013.7
Islamabad,2026-04-24 14:09:09.824322,121.5,68.3,76.9,59.7,27.0,2.68,54.2,30.5,32.1,5.9,991.2
Islamabad,2026-04-25 14:09:09.824322,57.5,30.5,41.0,12.9,13.6,1.45,78.0,28.9,40.8,8.7,994.2
Islamabad,2026-04-26 14:09:09.824322,77.9,49.0,49.7,37.1,8.9,2.44,52.5,34.0,70.0,6.6,999.1
Islamabad,2026-04-27 14:09:09.824322,88.5,51.8,83.6,24.5,27.5,0.91,77.4,22.8,73.3,9.0,1014.8
Islamabad,2026-04-28 14:09:09.824322,79.5,49.1,57.1,34.3,5.7,2.27,77.8,24.6,22.3,0.5,1001.6
Islamabad,2026-04-29 14:09:09.824322,102.5,68.1,93.2,27.0,6.8,1.93,38.7,31.9,56.3,5.5,996.5
Islamabad,2026-04-30 14:09:09.824322,106.1,55.3,93.1,28.7,9.2,2.01,28.6,37.3,40.8,2.3,990.8
Islamabad,2026-05-01 14:09:09.824322,59.4,40.7,42.2,32.3,25.0,3.38,71.5,37.9,45.9,4.8,1007.5
Islamabad,2026-05-02 14:09:09.824322,69.0,41.9,56.5,27.2,23.2,2.78,70.7,32.3,45.8,10.1,998.3
Islamabad,2026-05-03 14:09:09.824322,88.8,50.2,74.0,55.1,6.7,2.37,28.5,15.3,45.3,4.4,1004.6
Islamabad,2026-05-04 14:09:09.824322,75.5,42.1,61.8,43.9,14.0,2.58,20.6,30.9,74.8,9.2,1016.2
Islamabad,2026-05-05 14:09:09.824322,97.9,66.8,85.5,15.7,14.6,2.1,42.1,18.0,45.1,11.3,992.1
Islamabad,2026-05-06 14:09:09.824322,85.3,53.7,55.6,51.2,28.9,3.37,20.1,30.9,23.1,3.9,991.8
Islamabad,2026-05-07 14:09:09.824322,106.8,69.5,85.6,34.7,22.6,3.97,27.9,21.9,43.7,6.3,1002.3
Islamabad,2026-05-08 14:09:09.824322,73.8,40.5,61.6,35.6,12.3,3.76,43.8,17.2,57.0,1.7,1000.4
Islamabad,2026-05-09 14:09:09.824322,91.0,52.5,67.3,58.6,13.3,2.19,31.8,30.3,36.8,3.1,1005.5
Islamabad,2026-05-10 14:09:09.824322,123.4,73.2,99.7,47.2,17.7,2.72,24.3,21.4,41.7,7.1,991.4
Islamabad,2026-05-11 14:09:09.824322,90.0,53.3,79.6,40.4,20.8,2.57,62.2,20.9,50.7,1.6,1001.5
Islamabad,2026-05-12 14:09:09.824322,61.5,38.1,57.0,53.9,19.3,2.31,45.8,22.9,46.1,11.6,1008.1
Islamabad,2026-05-13 14:09:09.824322,58.6,34.7,45.6,49.7,5.9,2.54,79.7,36.4,51.3,1.0,1014.9
Islamabad,2026-05-14 14:09:09.824322,96.0,49.5,68.4,47.2,6.2,3.66,71.1,31.7,55.6,13.4,995.6
Islamabad,2026-05-15 14:09:09.824322,71.3,40.1,63.5,53.6,7.8,2.96,52.4,17.4,34.5,0.2,1004.1
Islamabad,2026-05-16 14:09:09.824322,86.6,52.9,75.0,24.6,27.8,3.14,68.3,15.5,77.8,10.9,999.1
Islamabad,2026-05-17 14:09:09.824322,83.6,49.5,59.1,33.0,26.6,2.41,42.8,39.4,26.6,6.3,991.3
Islamabad,2026-05-18 14:09:09.824322,60.0,32.6,52.1,53.6,24.2,3.26,59.9,21.5,74.4,10.1,1006.8
Islamabad,2026-05-19 14:09:09.824322,110.4,63.9,90.0,18.7,26.4,1.3,70.2,22.0,58.6,10.4,1005.4
Islamabad,2026-05-20 14:09:09.824322,112.3,65.8,99.6,27.6,26.0,2.15,78.7,30.9,27.6,10.1,999.8
Islamabad,2026-05-21 14:09:09.824322,74.1,50.9,59.1,26.8,9.3,2.99,69.6,17.5,34.4,2.1,1000.4
Islamabad,2026-05-22 14:09:09.824322,83.9,48.6,69.8,51.0,18.5,2.99,38.9,26.8,69.3,6.9,1000.7
Karachi,2026-02-22 14:09:09.824322,118.6,65.9,98.3,54.1,15.7,1.07,20.8,29.0,51.6,10.8,1016.7
Karachi,2026-02-23 14:09:09.824322,120.9,74.7,113.2,14.2,27.1,3.31,50.3,39.2,45.1,14.8,1010.0
Karachi,2026-02-24 14:09:09.824322,126.6,72.8,109.5,52.9,27.7,1.47,79.0,18.5,32.1,2.8,1016.8
Karachi,2026-02-25 14:09:09.824322,142.3,78.2,121.2,38.9,20.9,3.29,43.8,37.9,52.0,2.4,1010.9
Karachi,2026-02-26 14:09:09.824322,135.0,85.4,107.3,36.9,17.4,0.87,59.4,35.6,42.8,11.6,1018.9
Karachi,2026-02-27 14:09:09.824322,142.5,93.6,116.5,54.0,26.8,1.34,47.1,39.6,66.3,0.4,992.0
Karachi,2026-02-28 14:09:09.824322,81.6,49.0,59.4,50.3,16.5,0.68,67.2,20.0,35.5,2.5,999.9
Karachi,2026-03-01 14:09:09.824322,123.4,74.5,90.2,18.3,28.6,3.47,60.1,26.6,44.7,9.8,1006.4
Karachi,2026-03-02 14:09:09.824322,114.9,65.3,85.4,52.5,19.0,2.33,26.9,36.5,63.4,1.0,1011.2
Karachi,2026-03-03 14:09:09.824322,108.7,62.6,93.4,19.9,19.1,2.12,78.3,30.2,41.0,1.7,994.5
Karachi,2026-03-04 14:09:09.824322,123.5,62.0,105.8,27.4,27.5,0.58,59.8,39.1,53.6,14.1,991.6
Karachi,2026-03-05 14:09:09.824322,138.0,81.8,103.4,55.3,11.2,1.45,65.6,26.2,66.6,1.0,1004.6
Karachi,2026-03-06 14:09:09.824322,137.0,82.1,123.8,31.8,23.2,3.18,29.5,30.3,28.1,11.3,1009.7
Karachi,2026-03-07 14:09:09.824322,142.8,76.8,116.8,23.0,15.7,3.55,70.5,19.7,68.2,6.9,1004.5
Karachi,2026-03-08 14:09:09.824322,137.6,81.4,102.4,52.0,14.6,2.5,55.3,19.6,41.7,5.0,990.8
Karachi,2026-03-09 14:09:09.824322,125.7,66.1,99.9,39.9,23.4,3.99,76.0,31.1,45.3,9.5,1013.6
Karachi,2026-03-10 14:09:09.824322,143.7,82.1,114.9,12.9,13.4,3.25,62.5,34.7,51.0,6.6,994.4
Karachi,2026-03-11 14:09:09.824322,129.0,90.2,98.7,39.0,19.0,2.46,56.2,31.9,68.3,4.0,1014.8
Karachi,2026-03-12 14:09:09.824322,153.0,100.4,119.2,54.3,19.8,1.87,44.8,32.4,20.2,9.3,1000.7
Karachi,2026-03-13 14:09:09.824322,137.3,82.5,103.6,57.9,14.2,1.64,28.9,22.6,72.6,14.9,1001.0
Karachi,2026-03-14 14:09:09.824322,147.6,87.5,111.3,50.0,10.1,2.44,64.0,30.4,31.3,5.3,1013.5
Karachi,2026-03-15 14:09:09.824322,151.3,82.0,127.1,41.8,24.0,1.06,47.7,15.2,34.8,10.9,1019.8
Karachi,2026-03-16 14:09:09.824322,172.1,105.3,132.5,50.9,10.3,2.27,70.4,33.3,52.5,8.9,1005.3
Karachi,2026-03-17 14:09:09.824322,136.7,83.4,107.3,52.1,23.2,3.22,59.4,19.4,52.7,14.8,1018.1
Karachi,2026-03-18 14:09:09.824322,150.2,100.4,111.3,57.2,11.0,0.93,31.8,37.2,58.7,4.3,1014.5
Karachi,2026-03-19 14:09:09.824322,141.1,86.0,125.1,50.6,21.4,0.95,40.3,38.2,33.5,5.6,1003.0
Karachi,2026-03-20 14:09:09.824322,154.4,91.0,121.5,40.8,24.4,2.75,51.8,16.0,78.1,12.0,998.8
Karachi,2026-03-21 14:09:09.824322,119.1,74.1,104.7,23.3,5.5,0.79,78.1,22.4,66.2,9.4,1001.5
Karachi,2026-03-22 14:09:09.824322,146.0,85.8,118.3,13.6,5.3,3.85,64.3,23.8,37.8,5.2,1013.2
Karachi,2026-03-23 14:09:09.824322,183.1,106.9,152.5,41.8,20.3,0.73,51.1,18.8,64.2,7.7,1010.4
Karachi,2026-03-24 14:09:09.824322,136.8,89.5,107.8,54.6,28.9,3.25,38.9,32.2,46.3,3.8,1015.2
Karachi,2026-03-25 14:09:09.824322,142.4,80.6,123.5,14.9,17.2,1.03,39.5,33.4,48.6,5.6,1001.8
Karachi,2026-03-26 14:09:09.824322,104.0,59.6,86.3,36.8,10.4,0.54,34.5,39.4,68.1,14.4,1004.6
Karachi,2026-03-27 14:09:09.824322,112.7,66.5,80.8,51.4,23.3,3.19,20.7,25.4,48.9,0.3,997.8
Karachi,2026-03-28 14:09:09.824322,133.3,80.8,106.6,50.7,20.4,1.57,57.4,28.2,45.6,2.0,1016.6
Karachi,2026-03-29 14:09:09.824322,135.7,88.9,109.8,59.2,11.0,1.0,27.3,22.6,26.1,10.4,991.9
Karachi,2026-03-30 14:09:09.824322,113.8,67.9,94.9,25.6,17.7,2.04,26.3,31.0,33.0,9.3,1009.5
Karachi,2026-03-31 14:09:09.824322,167.8,103.5,134.3,29.9,8.7,1.79,24.1,15.6,28.1,14.4,1006.5
Karachi,2026-04-01 14:09:09.824322,138.0,85.5,103.2,27.3,29.4,2.74,69.3,18.3,71.7,13.8,1004.6
Karachi,2026-04-02 14:09:09.824322,139.9,88.1,112.6,29.0,26.9,3.54,68.4,34.8,38.3,1.2,1002.1
Karachi,2026-04-03 14:09:09.824322,147.9,84.8,107.6,14.4,28.4,2.44,38.3,24.9,46.8,9.0,1005.5
Karachi,2026-04-04 14:09:09.824322,164.3,99.3,150.0,14.5,23.9,0.95,69.6,34.6,62.5,0.5,999.1
Karachi,2026-04-05 14:09:09.824322,148.4,88.5,111.5,47.8,13.7,2.83,67.7,38.2,34.1,6.0,994.6
Karachi,2026-04-06 14:09:09.824322,164.6,92.7,145.0,33.3,6.5,2.47,77.5,19.4,61.4,3.0,1006.1
Karachi,2026-04-07 14:09:09.824322,172.6,103.7,131.9,13.4,25.0,1.32,52.4,37.0,59.1,8.0,999.7
Karachi,2026-04-08 14:09:09.824322,173.6,101.4,143.4,23.7,7.0,0.8,73.7,19.8,39.4,3.4,1000.6
Karachi,2026-04-09 14:09:09.824322,182.9,114.6,164.0,21.6,14.8,2.58,49.8,39.7,28.2,10.4,1002.1
Karachi,2026-04-10 14:09:09.824322,126.5,77.3,94.5,39.3,9.2,3.08,71.8,20.4,25.7,0.4,1009.3
Karachi,2026-04-11 14:09:09.824322,167.3,93.4,147.8,52.0,27.5,1.74,34.2,34.5,36.5,12.3,1002.7
Karachi,2026-04-12 14:09:09.824322,139.6,86.5,113.5,12.2,20.8,3.83,56.1,35.5,73.1,3.4,996.4
Karachi,2026-04-13 14:09:09.824322,138.0,77.9,108.6,19.1,22.0,1.14,51.5,32.7,26.4,8.5,997.7
Karachi,2026-04-14 14:09:09.824322,124.9,73.5,86.4,24.2,12.7,3.31,52.3,22.8,56.6,10.7,998.2
Karachi,2026-04-15 14:09:09.824322,185.8,114.5,155.5,57.8,5.5,1.19,20.5,31.2,73.9,3.7,1017.8
Karachi,2026-04-16 14:09:09.824322,159.6,94.2,107.7,11.3,13.5,1.83,43.9,29.5,52.0,9.1,1012.9
Karachi,2026-04-17 14:09:09.824322,167.5,95.6,116.8,21.9,14.3,1.3,24.4,30.1,60.1,9.3,1003.9
Karachi,2026-04-18 14:09:09.824322,151.9,94.7,119.2,50.9,8.0,2.41,20.3,23.1,42.0,5.9,1010.9
Karachi,2026-04-19 14:09:09.824322,163.7,97.9,133.6,53.5,24.6,2.48,64.3,37.0,44.2,4.9,1010.0
Karachi,2026-04-20 14:09:09.824322,144.0,91.7,124.1,20.8,21.5,1.88,59.1,17.7,59.5,15.0,991.4
Karachi,2026-04-21 14:09:09.824322,82.1,46.1,81.0,53.4,9.4,2.92,70.3,38.6,61.0,7.5,1008.5
Karachi,2026-04-22 14:09:09.824322,158.3,96.7,134.6,34.4,21.7,0.99,21.8,22.7,62.3,3.0,1010.2
Karachi,2026-04-23 14:09:09.824322,144.8,90.5,115.2,25.8,17.7,0.65,28.9,39.7,77.9,0.1,1018.6
Karachi,2026-04-24 14:09:09.824322,147.6,90.7,126.4,20.3,7.8,1.44,23.4,28.3,76.2,0.6,993.7
Karachi,2026-04-25 14:09:09.824322,146.9,80.4,114.1,40.9,22.7,1.08,30.1,15.9,64.2,10.0,1004.2
Karachi,2026-04-26 14:09:09.824322,114.1,74.3,87.5,58.5,16.3,1.33,24.4,19.2,51.2,5.1,1014.9
Karachi,2026-04-27 14:09:09.824322,147.9,91.5,115.4,32.3,17.9,1.76,55.6,19.1,43.5,14.5,997.7
Karachi,2026-04-28 14:09:09.824322,169.5,108.6,130.6,45.8,27.7,1.13,34.3,39.3,30.9,12.8,1004.8
Karachi,2026-04-29 14:09:09.824322,106.6,65.1,93.7,31.9,23.1,2.2,72.4,37.5,45.3,4.2,1007.8
Karachi,2026-04-30 14:09:09.824322,152.3,86.2,119.8,53.4,23.2,3.1,45.5,23.6,42.3,14.8,991.2
Karachi,2026-05-01 14:09:09.824322,126.2,78.3,96.4,42.9,17.5,2.44,63.2,20.7,79.8,14.6,1009.5
Karachi,2026-05-02 14:09:09.824322,166.3,100.8,149.7,36.3,23.3,0.79,23.6,21.2,29.6,13.1,996.6
Karachi,2026-05-03 14:09:09.824322,152.8,92.0,117.1,45.5,26.8,3.0,68.1,23.5,68.9,1.2,1016.8
Karachi,2026-05-04 14:09:09.824322,120.0,70.6,110.4,50.0,10.0,1.09,26.3,30.9,62.4,0.5,1018.1
Karachi,2026-05-05 14:09:09.824322,148.5,96.6,125.8,38.0,5.2,1.64,51.1,17.2,41.0,0.5,992.4
Karachi,2026-05-06 14:09:09.824322,108.3,68.8,92.9,49.0,6.0,2.18,26.3,21.1,79.2,2.1,1005.0
Karachi,2026-05-07 14:09:09.824322,154.2,93.1,117.9,23.4,24.9,1.59,47.3,15.3,24.3,5.9,1004.4
Karachi,2026-05-08 14:09:09.824322,152.9,98.4,123.9,49.8,17.0,0.91,27.5,32.1,45.8,3.0,1004.7
Karachi,2026-05-09 14:09:09.824322,118.6,64.9,106.4,53.2,16.8,3.89,31.1,36.7,66.6,11.6,1015.3
Karachi,2026-05-10 14:09:09.824322,153.0,91.3,137.2,29.9,11.9,3.94,44.6,37.4,33.8,3.2,990.9
Karachi,2026-05-11 14:09:09.824322,147.5,81.3,100.4,18.2,24.9,2.93,33.2,17.1,60.8,9.8,998.2
Karachi,2026-05-12 14:09:09.824322,163.9,90.7,126.6,47.9,5.6,0.58,39.4,27.2,66.2,10.2,1003.4
Karachi,2026-05-13 14:09:09.824322,154.9,96.0,125.4,15.1,28.4,2.91,24.1,22.5,62.5,1.0,1007.5
Karachi,2026-05-14 14:09:09.824322,143.8,86.5,104.2,41.7,18.5,3.23,26.4,34.0,52.5,14.4,1000.3
Karachi,2026-05-15 14:09:09.824322,162.2,96.5,130.9,26.8,23.6,1.06,69.1,35.8,50.4,0.1,998.6
Karachi,2026-05-16 14:09:09.824322,151.7,89.2,126.1,52.5,26.7,2.98,70.2,32.4,60.8,9.3,1012.6
Karachi,2026-05-17 14:09:09.824322,146.7,85.4,119.1,52.6,17.4,2.18,55.5,35.6,40.9,10.2,1007.0
Karachi,2026-05-18 14:09:09.824322,127.7,74.7,104.5,42.8,18.8,0.8,44.5,24.3,35.6,10.9,1004.9
Karachi,2026-05-19 14:09:09.824322,163.8,94.1,134.8,50.8,10.6,1.28,52.2,29.8,54.8,1.4,1016.3
Karachi,2026-05-20 14:09:09.824322,127.5,73.7,96.9,12.9,29.2,3.59,75.7,39.9,30.4,5.9,1012.7
Karachi,2026-05-21 14:09:09.824322,120.0,66.4,99.1,59.6,10.8,3.8,59.0,30.2,50.8,3.5,995.3
Karachi,2026-05-22 14:09:09.824322,139.3,84.8,123.8,20.9,28.7,3.25,25.4,25.4,72.7,14.2,1004.0
Lahore,2026-02-22 14:09:09.824322,201.3,118.6,172.7,31.1,23.4,1.34,26.6,23.9,37.2,4.4,997.0
Lahore,2026-02-23 14:09:09.824322,185.3,115.7,148.9,57.0,25.0,3.99,41.0,34.2,44.1,7.2,1008.8
Lahore,2026-02-24 14:09:09.824322,193.6,117.3,151.1,27.0,23.1,0.73,38.9,28.5,67.4,4.8,1008.8
Lahore,2026-02-25 14:09:09.824322,158.4,100.3,126.4,53.1,26.1,1.62,69.7,15.9,55.8,3.5,993.6
Lahore,2026-02-26 14:09:09.824322,192.4,115.1,140.6,21.1,29.7,3.8,22.4,32.6,75.5,2.7,1007.0
Lahore,2026-02-27 14:09:09.824322,165.5,98.0,131.8,19.3,18.5,3.56,63.9,35.2,59.5,10.4,1015.5
Lahore,2026-02-28 14:09:09.824322,194.0,116.2,169.4,44.4,15.9,1.36,69.1,35.0,61.7,4.1,1007.7
Lahore,2026-03-01 14:09:09.824322,189.9,114.8,145.0,11.6,11.6,2.58,23.1,27.4,55.8,5.0,1013.1
Lahore,2026-03-02 14:09:09.824322,200.3,121.1,154.2,22.3,14.7,1.51,41.3,33.0,37.8,8.5,1004.3
Lahore,2026-03-03 14:09:09.824322,185.1,116.0,161.4,18.8,27.9,1.97,43.0,28.0,22.8,2.5,1012.1
Lahore,2026-03-04 14:09:09.824322,194.9,117.9,148.1,23.7,18.9,2.78,69.8,20.2,20.7,2.1,1017.0
Lahore,2026-03-05 14:09:09.824322,186.2,103.1,138.1,17.0,25.9,3.95,51.5,19.3,36.3,0.3,1017.4
Lahore,2026-03-06 14:09:09.824322,201.0,121.6,160.0,48.2,8.5,3.54,49.2,37.4,68.0,6.4,990.7
Lahore,2026-03-07 14:09:09.824322,198.5,118.2,154.6,23.0,14.5,2.57,36.1,30.6,44.6,8.3,1003.1
Lahore,2026-03-08 14:09:09.824322,189.8,108.5,156.8,24.7,27.4,0.55,25.1,20.2,21.6,2.7,1007.5
Lahore,2026-03-09 14:09:09.824322,194.4,111.0,151.4,42.6,11.0,0.85,34.6,33.1,71.3,12.5,1001.9
Lahore,2026-03-10 14:09:09.824322,210.1,119.0,161.8,42.2,15.2,0.59,29.4,32.9,59.5,0.4,996.7
Lahore,2026-03-11 14:09:09.824322,165.7,100.0,130.6,36.2,16.0,1.9,53.6,18.9,30.9,12.9,1018.4
Lahore,2026-03-12 14:09:09.824322,202.5,134.4,162.5,13.4,23.7,1.23,73.9,20.1,31.4,0.5,1004.2
Lahore,2026-03-13 14:09:09.824322,175.4,108.7,155.1,10.7,21.6,1.12,77.7,18.7,44.9,1.3,1019.9
Lahore,2026-03-14 14:09:09.824322,210.6,119.9,158.1,46.9,16.3,1.29,47.1,18.5,30.6,7.5,1002.6
Lahore,2026-03-15 14:09:09.824322,181.1,114.1,131.4,12.7,13.4,3.31,20.3,23.3,43.9,8.1,1017.6
Lahore,2026-03-16 14:09:09.824322,157.5,90.5,129.8,38.8,20.2,1.98,64.2,38.4,75.5,6.8,993.4
Lahore,2026-03-17 14:09:09.824322,193.1,115.6,156.7,35.3,20.3,0.56,72.3,38.3,53.9,10.4,1017.7
Lahore,2026-03-18 14:09:09.824322,169.8,106.2,146.7,44.7,18.6,1.38,40.7,19.5,74.5,8.8,1002.0
Lahore,2026-03-19 14:09:09.824322,189.6,115.4,160.0,15.5,26.2,0.95,43.8,34.9,29.0,3.4,1011.7
Lahore,2026-03-20 14:09:09.824322,135.8,84.6,126.8,54.7,24.7,1.03,38.7,21.2,64.6,0.5,1007.1
Lahore,2026-03-21 14:09:09.824322,186.5,110.8,155.9,55.3,20.6,0.91,76.4,30.7,40.1,2.1,1013.8
Lahore,2026-03-22 14:09:09.824322,185.1,115.4,145.5,29.6,25.4,2.04,42.6,26.6,38.1,11.2,1005.1
Lahore,2026-03-23 14:09:09.824322,181.7,108.3,154.7,17.0,24.9,1.21,29.8,19.1,68.9,10.0,1005.7
Lahore,2026-03-24 14:09:09.824322,172.3,91.0,131.5,27.4,28.2,3.41,77.9,18.1,63.9,14.1,995.4
Lahore,2026-03-25 14:09:09.824322,167.0,100.4,126.7,13.2,29.7,1.63,68.6,21.4,60.9,11.4,1007.9
Lahore,2026-03-26 14:09:09.824322,195.1,113.2,141.6,35.4,11.1,0.9,56.6,22.2,54.9,2.3,1004.4
Lahore,2026-03-27 14:09:09.824322,175.2,100.6,135.6,18.5,21.7,3.75,53.4,29.3,36.8,11.5,995.6
Lahore,2026-03-28 14:09:09.824322,176.2,102.5,137.1,19.3,12.1,1.11,73.8,17.0,51.5,6.2,1019.5
Lahore,2026-03-29 14:09:09.824322,210.5,129.0,160.1,24.2,14.1,2.76,54.2,23.9,79.2,9.1,997.1
Lahore,2026-03-30 14:09:09.824322,186.2,108.5,140.3,16.0,27.3,2.58,60.7,34.7,49.9,1.3,1006.1
Lahore,2026-03-31 14:09:09.824322,212.9,126.5,174.9,35.6,18.3,0.88,46.8,28.3,34.5,4.0,1001.3
Lahore,2026-04-01 14:09:09.824322,159.3,95.0,125.7,50.3,23.7,1.15,32.6,24.3,49.1,9.3,1001.1
Lahore,2026-04-02 14:09:09.824322,169.4,97.7,134.7,20.3,14.1,2.26,61.4,16.0,68.0,9.4,992.5
Lahore,2026-04-03 14:09:09.824322,179.3,109.4,136.0,19.1,13.6,3.64,48.4,31.7,30.3,2.9,991.2
Lahore,2026-04-04 14:09:09.824322,145.9,87.3,119.8,34.6,13.2,2.72,34.4,16.9,27.7,1.9,994.6
Lahore,2026-04-05 14:09:09.824322,199.4,125.0,145.5,29.6,15.9,3.66,40.9,27.8,67.0,5.9,1008.7
Lahore,2026-04-06 14:09:09.824322,221.2,141.5,175.0,16.7,5.7,3.14,57.2,32.6,32.8,2.0,990.4
Lahore,2026-04-07 14:09:09.824322,180.9,112.1,135.8,40.9,14.0,0.9,60.3,28.0,66.3,7.8,1015.6
Lahore,2026-04-08 14:09:09.824322,148.1,85.9,118.5,48.4,28.6,3.47,34.8,26.3,27.7,14.3,1008.2
Lahore,2026-04-09 14:09:09.824322,168.5,107.0,131.0,59.4,8.8,2.58,42.9,39.2,70.5,12.6,1004.1
Lahore,2026-04-10 14:09:09.824322,186.8,121.5,157.1,44.2,9.1,3.69,69.4,38.7,63.5,9.2,1002.5
Lahore,2026-04-11 14:09:09.824322,164.5,109.7,125.2,23.9,9.7,2.12,41.2,29.6,24.7,14.6,1019.6
Lahore,2026-04-12 14:09:09.824322,184.5,110.8,148.4,58.5,18.1,2.7,61.7,26.4,57.7,8.8,1017.0
Lahore,2026-04-13 14:09:09.824322,175.7,107.1,134.0,47.3,19.6,3.87,42.5,22.1,72.1,3.4,1018.9
Lahore,2026-04-14 14:09:09.824322,151.0,83.6,115.1,48.9,19.0,1.98,74.4,17.8,49.6,0.2,1004.1
Lahore,2026-04-15 14:09:09.824322,162.1,93.1,131.6,14.2,22.5,0.75,69.3,32.7,24.9,1.3,1019.6
Lahore,2026-04-16 14:09:09.824322,192.5,118.6,153.9,12.9,18.7,2.05,73.3,23.8,27.0,2.1,1012.8
Lahore,2026-04-17 14:09:09.824322,202.0,122.8,160.5,57.5,19.3,2.71,46.9,22.3,39.7,10.1,1012.6
Lahore,2026-04-18 14:09:09.824322,190.9,113.6,151.0,47.5,23.9,0.86,74.2,27.6,69.6,4.8,1016.9
Lahore,2026-04-19 14:09:09.824322,170.1,106.1,141.1,24.1,9.4,3.13,68.4,39.8,44.8,5.6,1013.3
Lahore,2026-04-20 14:09:09.824322,185.6,108.3,146.8,52.2,5.6,3.35,36.9,18.0,61.8,9.4,1016.3
Lahore,2026-04-21 14:09:09.824322,180.2,116.1,134.3,32.9,18.6,3.8,43.2,39.0,74.3,2.9,992.1
Lahore,2026-04-22 14:09:09.824322,208.8,118.1,176.4,42.9,9.1,0.75,58.5,15.7,55.1,14.1,1007.3
Lahore,2026-04-23 14:09:09.824322,170.3,97.6,135.8,34.6,16.8,1.11,46.0,25.0,57.0,9.5,991.4
Lahore,2026-04-24 14:09:09.824322,222.4,138.6,165.8,27.8,23.9,0.55,27.0,16.2,22.4,12.8,1011.1
Lahore,2026-04-25 14:09:09.824322,183.7,104.2,144.3,17.8,11.3,2.42,62.9,31.5,36.8,14.3,1012.1
Lahore,2026-04-26 14:09:09.824322,222.9,136.9,162.1,49.8,11.8,2.04,24.7,15.6,77.8,12.5,1010.9
Lahore,2026-04-27 14:09:09.824322,195.2,114.7,164.9,16.4,18.1,3.19,32.9,30.6,25.1,0.8,1005.9
Lahore,2026-04-28 14:09:09.824322,199.1,122.7,156.7,28.8,7.3,2.52,22.2,26.6,52.6,4.3,1007.7
Lahore,2026-04-29 14:09:09.824322,183.1,103.0,139.0,50.5,25.3,3.53,74.8,27.8,50.1,12.0,1009.5
Lahore,2026-04-30 14:09:09.824322,183.5,112.0,139.7,40.8,29.8,0.99,51.1,36.9,64.4,10.5,1011.1
Lahore,2026-05-01 14:09:09.824322,162.9,100.1,129.7,58.2,26.3,1.53,43.1,36.3,39.0,2.5,1006.7
Lahore,2026-05-02 14:09:09.824322,174.7,118.4,144.8,24.0,5.6,2.76,30.6,38.5,77.2,13.7,1001.1
Lahore,2026-05-03 14:09:09.824322,193.1,114.7,148.5,23.3,11.1,3.91,43.6,37.3,57.9,11.9,1005.1
Lahore,2026-05-04 14:09:09.824322,217.3,132.8,164.3,45.6,10.9,1.64,64.8,31.2,71.0,9.9,1007.0
Lahore,2026-05-05 14:09:09.824322,183.7,111.5,149.7,42.1,7.1,1.07,73.9,30.2,20.6,1.5,1009.9
Lahore,2026-05-06 14:09:09.824322,184.5,117.3,134.8,14.7,27.4,3.65,58.0,23.5,41.0,10.9,1016.9
Lahore,2026-05-07 14:09:09.824322,168.7,96.6,147.3,56.8,8.4,1.69,26.8,38.1,72.6,3.9,1009.8
Lahore,2026-05-08 14:09:09.824322,191.7,126.0,145.5,12.0,19.8,2.87,21.0,27.8,33.6,9.7,995.2
Lahore,2026-05-09 14:09:09.824322,179.5,107.5,134.2,59.3,11.1,2.85,65.7,20.9,63.7,5.5,1009.0
Lahore,2026-05-10 14:09:09.824322,185.2,110.7,132.8,24.2,5.9,2.63,50.2,16.3,36.7,13.6,997.2
Lahore,2026-05-11 14:09:09.824322,199.4,119.6,157.6,30.9,10.6,0.92,40.3,38.6,39.4,7.8,1011.1
Lahore,2026-05-12 14:09:09.824322,169.4,104.2,136.3,50.4,27.4,1.61,26.6,20.7,45.6,12.3,1015.8
Lahore,2026-05-13 14:09:09.824322,196.4,125.3,153.0,21.4,6.9,1.51,29.7,38.2,68.5,9.5,1016.1
Lahore,2026-05-14 14:09:09.824322,179.3,115.4,122.5,11.3,7.7,0.61,58.2,22.9,50.5,13.6,997.5
Lahore,2026-05-15 14:09:09.824322,198.6,113.6,149.3,46.5,20.9,3.61,48.3,18.0,62.8,11.4,1006.8
Lahore,2026-05-16 14:09:09.824322,166.5,102.9,141.4,48.6,6.9,1.75,27.0,36.6,57.4,5.0,991.9
Lahore,2026-05-17 14:09:09.824322,183.9,109.8,144.7,29.4,11.8,3.4,41.4,22.0,52.6,2.1,1014.1
Lahore,2026-05-18 14:09:09.824322,184.2,100.7,136.7,58.5,24.4,3.79,73.7,29.9,75.3,1.3,995.9
Lahore,2026-05-19 14:09:09.824322,175.5,102.3,138.1,44.2,16.0,0.93,49.7,15.9,74.6,3.9,1009.9
Lahore,2026-05-20 14:09:09.824322,161.8,90.0,141.2,20.0,17.9,2.57,22.8,30.2,30.2,1.0,1018.5
Lahore,2026-05-21 14:09:09.824322,210.5,123.9,172.7,19.1,9.6,1.56,51.5,25.8,37.5,9.2,994.2
Lahore,2026-05-22 14:09:09.824322,189.9,113.3,157.1,17.8,8.9,0.7,72.0,30.0,62.5,0.3,1019.1
Peshawar,2026-02-22 14:09:09.824322,108.2,71.9,75.8,33.3,9.7,2.96,53.4,24.0,74.7,0.3,999.5
Peshawar,2026-02-23 14:09:09.824322,142.1,87.6,113.6,44.5,11.3,1.58,56.8,37.4,68.6,8.7,1011.9
Peshawar,2026-02-24 14:09:09.824322,129.0,77.1,95.3,39.3,18.5,0.8,23.4,17.6,55.1,8.2,997.0
Peshawar,2026-02-25 14:09:09.824322,155.2,93.1,114.7,11.3,12.1,2.05,57.0,36.2,31.8,1.9,1018.9
Peshawar,2026-02-26 14:09:09.824322,70.2,36.4,65.3,16.7,20.8,0.95,54.7,32.3,62.0,11.3,1016.2
Peshawar,2026-02-27 14:09:09.824322,107.4,63.0,97.3,53.7,29.9,2.54,68.7,23.2,38.3,6.0,1010.2
Peshawar,2026-02-28 14:09:09.824322,134.4,81.1,112.0,35.7,7.1,2.42,42.8,30.2,43.3,3.6,992.8
Peshawar,2026-03-01 14:09:09.824322,115.7,65.0,99.6,15.9,5.0,2.99,41.4,21.4,20.8,8.1,1015.5
Peshawar,2026-03-02 14:09:09.824322,123.0,69.3,107.8,43.3,18.9,1.7,28.1,17.4,69.9,13.8,1009.5
Peshawar,2026-03-03 14:09:09.824322,132.8,85.0,109.2,24.8,5.0,1.45,33.1,31.5,58.0,8.9,990.5
Peshawar,2026-03-04 14:09:09.824322,123.8,65.9,107.5,55.9,15.2,1.0,62.9,22.3,51.5,10.5,1017.0
Peshawar,2026-03-05 14:09:09.824322,98.6,68.7,68.6,24.8,21.6,3.88,23.0,37.3,54.6,8.5,1005.0
Peshawar,2026-03-06 14:09:09.824322,155.6,94.8,116.6,52.5,6.1,3.07,40.5,27.0,75.7,5.0,1004.0
Peshawar,2026-03-07 14:09:09.824322,153.3,99.6,128.6,31.5,11.9,3.19,33.6,32.3,34.0,9.4,1012.4
Peshawar,2026-03-08 14:09:09.824322,145.6,83.5,123.1,53.3,7.6,0.94,78.7,31.8,70.8,4.9,1010.3
Peshawar,2026-03-09 14:09:09.824322,123.7,76.3,100.7,49.0,5.4,3.36,22.4,37.2,79.5,4.4,996.3
Peshawar,2026-03-10 14:09:09.824322,137.9,80.7,116.0,33.4,20.5,1.94,45.6,23.3,53.9,12.8,996.0
Peshawar,2026-03-11 14:09:09.824322,104.4,69.3,73.9,14.1,29.8,1.05,79.3,39.4,67.6,9.9,1007.3
Peshawar,2026-03-12 14:09:09.824322,123.2,68.9,92.5,30.6,11.0,2.85,69.6,31.8,69.5,6.0,994.7
Peshawar,2026-03-13 14:09:09.824322,96.9,49.4,74.4,11.7,14.8,2.94,31.6,31.0,35.6,13.3,1016.9
Peshawar,2026-03-14 14:09:09.824322,102.1,56.0,68.6,36.5,9.0,2.5,68.3,34.0,29.2,2.2,998.0
Peshawar,2026-03-15 14:09:09.824322,105.8,59.9,83.8,26.9,26.8,0.79,32.7,33.8,23.1,7.4,1003.3
Peshawar,2026-03-16 14:09:09.824322,111.8,71.8,81.2,23.6,27.6,1.81,53.0,16.3,45.6,12.5,1014.2
Peshawar,2026-03-17 14:09:09.824322,81.8,55.7,66.0,10.6,24.7,1.57,22.4,29.7,43.9,14.6,1006.3
Peshawar,2026-03-18 14:09:09.824322,95.8,55.1,71.8,11.2,25.9,3.91,28.1,20.8,72.1,13.9,1002.6
Peshawar,2026-03-19 14:09:09.824322,96.8,56.6,75.0,47.9,27.4,0.79,43.6,17.5,21.0,9.9,1008.1
Peshawar,2026-03-20 14:09:09.824322,128.4,85.3,111.3,44.4,8.0,3.78,30.9,30.6,33.4,4.6,1006.4
Peshawar,2026-03-21 14:09:09.824322,83.6,54.0,66.2,46.4,13.6,2.85,68.3,38.7,44.0,11.7,998.0
Peshawar,2026-03-22 14:09:09.824322,154.1,98.4,124.4,31.6,14.5,3.7,35.1,36.1,49.0,7.7,999.3
Peshawar,2026-03-23 14:09:09.824322,124.5,78.2,89.4,47.6,18.3,2.87,45.7,33.3,69.5,2.2,1015.0
Peshawar,2026-03-24 14:09:09.824322,105.8,65.1,82.0,12.1,15.5,1.09,72.8,28.9,33.9,7.5,1011.9
Peshawar,2026-03-25 14:09:09.824322,128.5,83.1,91.8,15.3,13.9,1.95,60.5,31.5,24.2,5.9,995.5
Peshawar,2026-03-26 14:09:09.824322,120.7,67.6,94.9,40.6,28.5,2.82,24.6,23.9,53.0,6.0,1015.0
Peshawar,2026-03-27 14:09:09.824322,123.8,76.5,95.0,33.8,15.2,1.06,59.4,39.3,53.7,10.7,992.1
Peshawar,2026-03-28 14:09:09.824322,146.5,85.7,121.6,29.0,25.2,3.38,43.1,26.5,38.2,14.0,993.6
Peshawar,2026-03-29 14:09:09.824322,141.7,82.6,112.6,27.5,14.1,3.32,39.7,20.2,25.1,7.0,1004.5
Peshawar,2026-03-30 14:09:09.824322,115.8,59.9,85.7,12.5,6.3,2.92,47.5,20.7,56.8,3.8,1007.3
Peshawar,2026-03-31 14:09:09.824322,150.3,93.2,120.8,36.6,7.6,1.1,54.1,22.4,76.3,12.3,1019.5
Peshawar,2026-04-01 14:09:09.824322,122.1,65.0,90.0,10.5,25.7,3.3,26.3,29.4,47.8,1.8,1019.4
Peshawar,2026-04-02 14:09:09.824322,92.6,65.5,81.4,27.2,23.3,2.81,75.9,35.5,54.0,9.9,1017.0
Peshawar,2026-04-03 14:09:09.824322,154.9,90.3,115.5,31.5,25.8,0.92,64.1,28.3,37.3,7.4,999.0
Peshawar,2026-04-04 14:09:09.824322,129.3,85.2,95.9,30.1,27.1,3.63,74.6,22.8,61.5,4.1,995.7
Peshawar,2026-04-05 14:09:09.824322,115.4,70.9,83.1,17.5,29.2,2.06,50.1,21.2,48.3,9.9,1012.5
Peshawar,2026-04-06 14:09:09.824322,137.5,89.9,105.2,32.1,11.5,1.7,70.1,38.4,31.1,5.6,1017.9
Peshawar,2026-04-07 14:09:09.824322,134.9,85.3,104.3,57.4,27.1,3.09,36.6,22.0,77.8,0.2,1011.5
Peshawar,2026-04-08 14:09:09.824322,122.0,79.7,91.8,27.3,5.8,3.87,60.1,38.3,35.9,9.2,1010.4
Peshawar,2026-04-09 14:09:09.824322,111.5,64.7,99.3,47.5,8.1,3.2,34.2,31.9,53.9,13.9,1001.6
Peshawar,2026-04-10 14:09:09.824322,114.3,70.0,91.0,21.9,6.2,3.04,26.7,30.2,36.9,2.6,1001.4
Peshawar,2026-04-11 14:09:09.824322,129.2,78.2,86.3,40.8,27.8,2.28,50.1,16.3,22.1,8.3,1003.1
Peshawar,2026-04-12 14:09:09.824322,75.2,34.5,55.3,34.4,15.7,2.59,80.0,34.2,43.9,12.4,995.1
Peshawar,2026-04-13 14:09:09.824322,113.8,57.9,86.4,14.7,17.2,3.72,22.4,22.3,32.5,3.6,1017.3
Peshawar,2026-04-14 14:09:09.824322,98.0,62.2,81.6,22.5,11.6,0.5,72.2,34.8,57.6,11.3,994.6
Peshawar,2026-04-15 14:09:09.824322,96.6,52.5,79.1,28.7,24.9,1.79,25.2,28.9,70.7,11.9,995.3
Peshawar,2026-04-16 14:09:09.824322,125.9,68.0,112.5,17.1,19.3,1.15,36.7,20.5,31.0,12.4,998.6
Peshawar,2026-04-17 14:09:09.824322,91.9,63.0,71.3,16.3,9.9,3.83,30.5,29.2,54.8,7.3,1009.3
Peshawar,2026-04-18 14:09:09.824322,114.4,72.9,91.1,47.1,17.3,2.19,70.3,24.0,71.6,6.1,999.8
Peshawar,2026-04-19 14:09:09.824322,173.9,103.7,134.0,32.9,23.1,2.51,60.0,34.4,71.7,4.7,1006.1
Peshawar,2026-04-20 14:09:09.824322,112.8,69.2,91.7,17.2,20.6,1.46,49.3,17.1,47.6,4.6,1014.7
Peshawar,2026-04-21 14:09:09.824322,107.0,67.2,81.1,17.3,13.6,3.53,29.3,17.1,49.1,4.5,1006.9
Peshawar,2026-04-22 14:09:09.824322,118.8,73.7,102.0,26.3,12.5,1.31,27.8,21.4,41.3,10.1,991.9
Peshawar,2026-04-23 14:09:09.824322,129.1,76.4,97.3,13.6,10.3,1.3,48.1,21.7,26.1,2.5,994.4
Peshawar,2026-04-24 14:09:09.824322,125.1,79.1,99.8,52.4,6.6,1.67,24.0,39.4,69.0,12.8,1018.1
Peshawar,2026-04-25 14:09:09.824322,151.5,85.2,126.2,53.1,27.2,1.19,64.2,22.2,68.2,15.0,990.9
Peshawar,2026-04-26 14:09:09.824322,127.7,75.6,116.2,27.7,6.3,0.61,45.4,17.1,56.4,13.2,1016.5
Peshawar,2026-04-27 14:09:09.824322,153.7,100.0,129.8,51.9,25.1,3.86,52.2,27.2,44.1,2.3,1007.2
Peshawar,2026-04-28 14:09:09.824322,105.2,60.7,94.0,19.0,22.6,2.09,60.1,35.9,30.2,0.3,1013.4
Peshawar,2026-04-29 14:09:09.824322,78.0,56.6,58.4,43.9,14.3,3.8,30.0,27.5,61.5,10.5,1009.5
Peshawar,2026-04-30 14:09:09.824322,130.0,71.0,106.9,20.6,29.9,3.93,59.0,35.1,62.9,8.9,991.6
Peshawar,2026-05-01 14:09:09.824322,93.8,66.3,83.2,53.2,19.7,2.53,79.4,33.9,46.5,10.6,1001.7
Peshawar,2026-05-02 14:09:09.824322,126.7,83.2,110.0,21.6,5.4,3.18,57.4,34.1,22.3,12.6,1008.6
Peshawar,2026-05-03 14:09:09.824322,134.6,84.6,112.6,52.9,29.9,1.35,22.4,25.3,27.8,0.3,1000.8
Peshawar,2026-05-04 14:09:09.824322,133.6,78.6,104.2,55.0,29.9,3.39,70.7,21.2,54.6,1.0,992.8
Peshawar,2026-05-05 14:09:09.824322,92.7,50.6,58.4,11.6,11.5,0.62,72.8,21.1,53.4,0.6,1010.0
Peshawar,2026-05-06 14:09:09.824322,131.9,74.4,109.3,23.2,21.5,3.35,66.7,34.0,31.3,1.3,1011.0
Peshawar,2026-05-07 14:09:09.824322,104.3,65.1,91.7,49.8,11.8,2.92,35.8,38.5,58.2,4.9,998.1
Peshawar,2026-05-08 14:09:09.824322,103.0,58.6,73.7,20.7,15.6,3.68,50.4,19.7,24.6,10.4,1001.5
Peshawar,2026-05-09 14:09:09.824322,148.2,89.9,121.1,39.9,21.4,3.61,54.7,30.8,29.4,7.1,1011.5
Peshawar,2026-05-10 14:09:09.824322,134.1,84.4,107.9,17.0,21.8,2.67,64.5,19.2,31.7,13.4,1012.5
Peshawar,2026-05-11 14:09:09.824322,132.4,82.7,96.8,34.2,5.1,3.32,66.4,28.7,24.0,11.5,1007.5
Peshawar,2026-05-12 14:09:09.824322,144.0,83.9,100.2,21.0,13.8,1.8,24.1,24.2,47.9,10.8,1009.7
Peshawar,2026-05-13 14:09:09.824322,107.5,64.3,86.5,13.3,26.9,1.86,52.5,39.2,24.0,9.7,992.2
Peshawar,2026-05-14 14:09:09.824322,118.9,77.5,103.9,32.6,9.6,3.49,73.0,26.7,24.5,5.8,1014.1
Peshawar,2026-05-15 14:09:09.824322,133.0,92.9,97.5,41.4,22.2,1.39,20.6,33.1,52.1,12.5,1014.6
Peshawar,2026-05-16 14:09:09.824322,102.1,59.2,73.7,29.6,27.4,1.22,50.5,25.5,21.1,11.9,992.1
Peshawar,2026-05-17 14:09:09.824322,108.7,60.9,91.2,35.0,15.3,3.55,57.9,28.3,26.9,9.1,993.5
Peshawar,2026-05-18 14:09:09.824322,168.5,103.3,123.8,21.0,29.0,2.66,53.4,25.4,45.7,8.1,1010.9
Peshawar,2026-05-19 14:09:09.824322,101.5,54.7,81.6,14.2,5.5,1.08,73.5,21.0,41.3,1.6,996.7
Peshawar,2026-05-20 14:09:09.824322,161.1,91.0,132.7,19.0,22.3,1.3,27.1,19.1,20.1,10.8,1012.0
Peshawar,2026-05-21 14:09:09.824322,130.9,77.4,97.9,37.7,17.6,1.18,71.5,31.9,70.3,12.9,1012.5
Peshawar,2026-05-22 14:09:09.824322,93.0,49.2,78.2,25.4,27.8,3.83,39.6,23.9,50.3,14.1,1016.3
Quetta,2026-02-22 14:09:09.824322,95.7,55.2,82.9,19.6,8.2,1.54,66.8,26.8,33.6,2.5,1000.0
Quetta,2026-02-23 14:09:09.824322,101.7,57.3,89.3,20.2,25.7,2.45,23.3,39.3,50.8,4.4,1004.1
Quetta,2026-02-24 14:09:09.824322,125.4,77.2,102.8,32.8,16.9,1.85,78.0,32.4,25.0,12.9,1004.4
Quetta,2026-02-25 14:09:09.824322,95.1,57.1,84.7,11.9,14.2,3.93,45.2,27.5,74.6,10.8,1007.5
Quetta,2026-02-26 14:09:09.824322,69.4,38.6,54.4,39.2,27.1,1.03,55.9,31.6,45.2,10.5,1002.3
Quetta,2026-02-27 14:09:09.824322,122.9,69.9,110.8,32.2,23.6,1.3,23.5,22.5,48.5,2.5,1000.6
Quetta,2026-02-28 14:09:09.824322,79.4,54.4,70.6,58.8,14.4,3.31,46.1,36.7,30.8,14.2,996.6
Quetta,2026-03-01 14:09:09.824322,97.7,59.7,88.1,48.3,28.2,1.22,67.9,33.5,23.8,5.8,998.5
Quetta,2026-03-02 14:09:09.824322,86.0,55.9,69.5,29.4,25.7,0.97,76.1,33.8,76.5,10.1,1000.9
Quetta,2026-03-03 14:09:09.824322,92.2,53.8,78.9,31.3,19.1,0.57,22.1,26.1,69.0,13.3,992.6
Quetta,2026-03-04 14:09:09.824322,105.6,66.2,78.8,33.7,10.6,2.66,22.4,23.2,48.1,2.2,1019.5
Quetta,2026-03-05 14:09:09.824322,119.2,70.4,101.4,41.2,8.3,1.58,32.1,37.7,65.6,10.1,999.0
Quetta,2026-03-06 14:09:09.824322,115.3,68.7,95.4,40.2,7.0,2.89,76.0,29.4,27.6,8.7,1013.0
Quetta,2026-03-07 14:09:09.824322,99.6,56.3,81.3,37.3,11.2,1.7,71.1,29.0,50.9,1.5,990.5
Quetta,2026-03-08 14:09:09.824322,71.5,50.9,63.6,24.3,20.8,2.09,48.9,33.9,36.9,4.8,1017.7
Quetta,2026-03-09 14:09:09.824322,89.6,53.3,89.1,38.5,13.3,1.6,26.4,24.2,26.0,11.5,1019.0
Quetta,2026-03-10 14:09:09.824322,87.4,47.5,71.5,11.8,6.3,3.42,27.1,16.1,46.3,12.7,997.9
Quetta,2026-03-11 14:09:09.824322,72.7,46.6,36.5,13.7,7.7,3.43,34.4,19.9,50.3,11.5,991.9
Quetta,2026-03-12 14:09:09.824322,84.5,40.3,65.0,56.0,5.3,2.43,64.4,27.1,25.1,14.6,1005.5
Quetta,2026-03-13 14:09:09.824322,111.1,63.9,104.2,31.9,11.9,2.45,40.8,38.3,75.4,7.5,999.8
Quetta,2026-03-14 14:09:09.824322,62.2,39.9,61.3,19.6,21.7,2.68,56.1,27.2,51.7,5.0,1005.6
Quetta,2026-03-15 14:09:09.824322,87.8,54.5,72.8,38.2,20.0,1.08,42.8,30.4,78.2,10.9,1017.7
Quetta,2026-03-16 14:09:09.824322,74.4,50.2,61.0,43.3,15.9,3.84,63.2,38.3,51.7,3.9,991.6
Quetta,2026-03-17 14:09:09.824322,110.8,68.6,86.4,18.3,22.7,2.37,58.1,19.9,32.7,0.6,999.7
Quetta,2026-03-18 14:09:09.824322,103.4,60.3,76.6,50.8,19.9,1.88,48.4,36.4,40.4,13.0,992.6
Quetta,2026-03-19 14:09:09.824322,119.2,73.8,85.9,46.4,20.0,3.06,66.2,39.4,54.4,5.1,1009.5
Quetta,2026-03-20 14:09:09.824322,85.3,50.7,72.6,33.8,27.4,2.34,62.4,21.3,46.8,1.9,996.2
Quetta,2026-03-21 14:09:09.824322,126.5,68.9,105.9,37.3,10.1,1.52,64.9,27.1,33.0,14.5,1011.5
Quetta,2026-03-22 14:09:09.824322,96.8,65.0,83.1,50.3,26.1,1.88,23.1,25.0,60.4,6.8,1012.5
Quetta,2026-03-23 14:09:09.824322,98.7,61.9,61.4,55.5,19.2,3.17,68.7,23.5,46.0,12.7,1000.9
Quetta,2026-03-24 14:09:09.824322,103.2,66.6,84.5,12.5,11.4,2.13,33.6,33.6,75.2,6.4,1000.3
Quetta,2026-03-25 14:09:09.824322,102.8,66.7,71.1,18.3,27.9,1.65,42.3,34.0,40.3,14.3,1012.1
Quetta,2026-03-26 14:09:09.824322,97.0,58.1,75.9,16.2,12.7,3.74,29.7,39.1,32.3,11.1,1006.4
Quetta,2026-03-27 14:09:09.824322,125.9,70.0,97.8,40.5,11.0,1.85,24.8,18.7,37.9,1.3,1017.3
Quetta,2026-03-28 14:09:09.824322,92.0,63.3,80.3,28.1,25.6,1.21,48.1,35.0,30.8,1.6,1016.5
Quetta,2026-03-29 14:09:09.824322,120.7,65.3,88.8,39.8,25.4,1.84,27.9,19.9,34.2,4.5,1009.3
Quetta,2026-03-30 14:09:09.824322,76.3,39.9,65.0,17.3,28.5,3.71,73.2,30.6,68.5,1.0,1000.0
Quetta,2026-03-31 14:09:09.824322,92.3,54.8,70.7,57.4,8.5,3.17,26.5,39.5,42.9,11.6,1000.3
Quetta,2026-04-01 14:09:09.824322,79.7,51.1,70.2,42.3,8.9,2.41,25.2,24.4,44.8,0.6,998.2
Quetta,2026-04-02 14:09:09.824322,96.7,59.1,69.4,28.9,14.8,2.41,29.6,32.3,30.1,4.7,1005.1
Quetta,2026-04-03 14:09:09.824322,89.0,56.3,67.9,18.4,26.3,0.55,50.7,34.2,76.1,13.6,1014.6
Quetta,2026-04-04 14:09:09.824322,79.1,41.6,67.0,16.1,20.9,0.93,24.2,37.7,31.4,12.3,1006.3
Quetta,2026-04-05 14:09:09.824322,90.0,44.9,62.2,53.8,27.6,2.23,39.8,17.7,77.2,0.9,998.9
Quetta,2026-04-06 14:09:09.824322,113.3,65.2,98.6,10.0,12.7,1.34,34.0,16.7,31.2,8.3,998.7
Quetta,2026-04-07 14:09:09.824322,60.6,38.0,48.4,47.7,11.2,2.38,79.5,36.4,25.8,10.6,1000.4
Quetta,2026-04-08 14:09:09.824322,125.1,72.8,94.5,43.8,17.7,3.52,72.0,15.2,66.7,6.9,1019.7
Quetta,2026-04-09 14:09:09.824322,110.4,73.4,76.5,45.9,7.8,0.62,79.7,20.8,23.2,2.8,991.2
Quetta,2026-04-10 14:09:09.824322,92.6,48.8,68.4,16.0,6.7,3.03,75.7,25.8,27.1,7.7,1000.5
Quetta,2026-04-11 14:09:09.824322,134.1,84.7,100.6,35.6,13.0,2.59,79.7,25.9,75.2,5.2,991.6
Quetta,2026-04-12 14:09:09.824322,96.4,57.3,85.1,30.8,15.6,3.25,31.7,35.5,58.9,6.3,1003.7
Quetta,2026-04-13 14:09:09.824322,83.3,42.8,56.1,27.2,18.0,2.04,72.8,27.6,50.5,2.1,1019.5
Quetta,2026-04-14 14:09:09.824322,121.3,80.0,89.7,57.1,12.5,3.21,43.6,18.5,20.6,8.2,1019.3
Quetta,2026-04-15 14:09:09.824322,124.6,80.8,108.1,28.1,27.0,3.04,26.8,25.2,73.2,0.7,1018.8
Quetta,2026-04-16 14:09:09.824322,77.6,44.6,63.5,19.5,23.0,2.29,56.3,26.5,69.7,12.4,1011.3
Quetta,2026-04-17 14:09:09.824322,106.2,68.9,92.0,43.9,11.3,3.56,30.1,16.3,63.0,7.1,1015.5
Quetta,2026-04-18 14:09:09.824322,92.8,52.0,77.2,16.9,28.8,1.65,59.7,33.8,68.7,14.2,999.4
Quetta,2026-04-19 14:09:09.824322,96.3,59.8,81.5,17.3,22.3,3.81,61.0,23.3,50.0,9.7,1005.3
Quetta,2026-04-20 14:09:09.824322,97.5,60.8,74.0,34.3,7.7,1.37,39.0,35.2,72.5,4.5,1015.8
Quetta,2026-04-21 14:09:09.824322,117.9,63.0,89.3,19.9,24.6,3.68,42.2,33.8,73.8,12.7,995.5
Quetta,2026-04-22 14:09:09.824322,80.3,46.7,73.8,38.8,10.2,2.27,38.7,25.7,58.7,11.2,997.0
Quetta,2026-04-23 14:09:09.824322,85.6,44.6,65.2,58.8,21.1,3.77,38.2,34.5,66.0,10.4,1019.0
Quetta,2026-04-24 14:09:09.824322,106.7,62.9,78.8,16.9,26.5,2.25,60.5,21.0,65.5,11.4,999.4
Quetta,2026-04-25 14:09:09.824322,92.1,66.8,61.8,43.2,22.0,3.76,79.8,33.0,37.2,13.2,991.5
Quetta,2026-04-26 14:09:09.824322,86.1,47.1,78.8,10.7,21.2,2.84,67.9,38.3,21.2,2.3,1016.6
Quetta,2026-04-27 14:09:09.824322,118.1,66.8,85.9,37.8,19.7,1.99,56.9,17.0,25.3,2.6,1005.5
Quetta,2026-04-28 14:09:09.824322,104.6,68.1,85.5,50.5,15.7,3.12,74.8,29.3,30.8,4.0,996.0
Quetta,2026-04-29 14:09:09.824322,99.3,62.8,80.4,18.7,16.8,0.82,57.5,28.8,44.4,7.8,1016.9
Quetta,2026-04-30 14:09:09.824322,113.7,75.6,82.1,23.1,15.5,2.6,50.8,22.2,20.4,7.4,998.6
Quetta,2026-05-01 14:09:09.824322,141.4,88.2,106.6,11.3,13.9,3.23,53.8,21.5,61.7,8.5,1013.9
Quetta,2026-05-02 14:09:09.824322,88.4,47.1,69.1,30.9,13.9,2.58,54.5,19.0,48.3,8.3,1007.1
Quetta,2026-05-03 14:09:09.824322,89.3,49.6,74.9,30.8,18.7,1.91,51.2,39.9,28.1,10.1,1001.9
Quetta,2026-05-04 14:09:09.824322,106.5,63.6,89.2,26.7,23.3,1.97,54.7,35.8,68.2,13.0,991.8
Quetta,2026-05-05 14:09:09.824322,68.0,39.9,51.6,27.5,24.6,3.97,34.4,36.9,69.8,3.4,1002.0
Quetta,2026-05-06 14:09:09.824322,130.6,81.7,97.1,21.8,7.4,1.13,67.9,31.9,52.8,7.1,1017.7
Quetta,2026-05-07 14:09:09.824322,74.3,50.4,70.5,30.5,17.2,1.95,21.4,23.4,30.6,1.5,1018.7
Quetta,2026-05-08 14:09:09.824322,101.0,55.3,75.1,59.5,22.1,3.82,28.6,24.6,53.3,1.2,990.1
Quetta,2026-05-09 14:09:09.824322,92.5,56.4,63.3,42.3,6.1,3.81,70.5,22.4,24.6,2.5,993.8
Quetta,2026-05-10 14:09:09.824322,41.4,35.1,41.8,17.3,17.6,0.72,24.3,29.3,54.0,13.2,1006.7
Quetta,2026-05-11 14:09:09.824322,117.8,74.1,85.1,14.0,16.0,1.07,31.1,20.1,43.2,0.8,1001.9
Quetta,2026-05-12 14:09:09.824322,110.4,65.8,106.5,21.0,20.6,2.5,31.1,16.5,56.3,11.5,1005.7
Quetta,2026-05-13 14:09:09.824322,83.4,52.1,70.0,39.4,13.8,3.3,53.3,35.6,57.9,11.8,1008.0
Quetta,2026-05-14 14:09:09.824322,86.5,49.9,85.1,29.0,6.4,2.6,74.1,24.6,33.0,6.6,991.5
Quetta,2026-05-15 14:09:09.824322,111.4,69.0,68.9,39.0,28.4,2.85,48.9,35.2,77.0,0.3,1019.5
Quetta,2026-05-16 14:09:09.824322,145.4,85.2,120.3,23.9,28.5,0.94,72.5,39.3,30.6,10.8,991.2
Quetta,2026-05-17 14:09:09.824322,120.5,72.0,95.8,31.6,19.9,0.78,76.4,33.9,55.2,12.4,992.4
Quetta,2026-05-18 14:09:09.824322,143.3,91.9,116.3,27.3,25.1,2.39,24.8,29.1,74.5,5.9,998.9
Quetta,2026-05-19 14:09:09.824322,139.1,90.7,125.7,30.1,13.5,0.94,43.5,19.1,64.1,3.1,991.8
Quetta,2026-05-20 14:09:09.824322,64.1,31.7,45.6,42.4,6.5,3.35,76.4,31.2,77.3,2.3,1004.3
Quetta,2026-05-21 14:09:09.824322,132.6,76.6,104.7,27.0,17.6,1.07,59.5,39.9,47.1,5.3,1002.0
Quetta,2026-05-22 14:09:09.824322,79.5,53.8,55.9,47.8,16.4,1.94,76.1,21.3,27.2,8.8,1019.1
