name,province_x,area_km2,pop,centroid_lat,centroid_lon,district,province_y,population,pop_density,urban_pct,rural_pct,growth_rate_pct,literacy_rate,dependency_ratio,households,census_year,source,pop_density_class,urbanisation_class,area_m2,area_km2_computed,perimeter_m,compactness,geometry_wkt
Lahore,Punjab,1772,13095000,31.5204,74.3587,Lahore,Punjab,13095000,7389.95,43.5,56.5,1.48,65.8,75.5,2302071,2023,PBS_SyntheticCensus_2023,Very High,Mixed,4730539414.71,4730.5394,245613.13,0.9854,"POLYGON ((74.73793540864592 31.52039999999999, 74.72501327545439 31.422246653665194, 74.68712749790195 31.33078229567704, 74.62685992911959 31.252240070880397, 74.54831770432297 31.191972502098054, 74.4568533463348 31.154086724545607, 74.3587 31.141164591354062, 74.2605466536652 31.1540867245456, 74.16908229567703 31.191972502098054, 74.09054007088041 31.252240070880404, 74.03027250209804 31.330782295677032, 73.99238672454561 31.42224665366518, 73.97946459135407 31.520399999999995, 73.99238672454561 31.6185533463348, 74.03027250209804 31.710017704322965, 74.09054007088041 31.78855992911959, 74.16908229567703 31.848827497901947, 74.26054665366519 31.886713275454394, 74.3587 31.899635408645917, 74.4568533463348 31.886713275454394, 74.54831770432297 31.84882749790194, 74.62685992911959 31.788559929119582, 74.68712749790195 31.71001770432296, 74.72501327545439 31.6185533463348, 74.73793540864592 31.52039999999999))"
Faisalabad,Punjab,5856,3640000,31.418,73.079,Faisalabad,Punjab,3640000,621.58,35.5,64.5,2.06,60.4,67.9,568681,2023,PBS_SyntheticCensus_2023,Medium,Mixed,15608193158.97,15608.1932,446113.35,0.9855,"POLYGON ((73.76840996287238 31.417999999999985, 73.74491888803942 31.239567571725182, 73.67604654146957 31.073295018563797, 73.56648645976463 30.930513540235363, 73.42370498143619 30.82095345853041, 73.2574324282748 30.75208111196055, 73.079 30.728590037127596, 72.90056757172519 30.752081111960567, 72.7342950185638 30.820953458530415, 72.59151354023535 30.930513540235363, 72.48195345853041 31.073295018563794, 72.41308111196057 31.23956757172519, 72.3895900371276 31.417999999999985, 72.41308111196057 31.59643242827479, 72.48195345853041 31.762704981436194, 72.59151354023535 31.90548645976463, 72.7342950185638 32.01504654146958, 72.90056757172519 32.083918888039435, 73.079 32.1074099628724, 73.2574324282748 32.08391888803943, 73.42370498143619 32.01504654146958, 73.56648645976463 31.90548645976464, 73.67604654146957 31.76270498143619, 73.74491888803942 31.5964324282748, 73.76840996287238 31.417999999999985))"
Rawalpindi,Punjab,5286,2230000,33.5651,73.0169,Rawalpindi,Punjab,2230000,421.87,0.0,100.0,2.39,62.3,77.0,349156,2023,PBS_SyntheticCensus_2023,Medium,Rural,13759009036.05,13759.009,419478.45,0.9826,"POLYGON ((73.67189894519977 33.56509999999999, 73.64958039736057 33.39557379846024, 73.58414572599501 33.23760052740011, 73.4800541958208 33.1019458041792, 73.34439947259989 32.997854274004986, 73.18642620153977 32.93241960263945, 73.0169 32.91010105480023, 72.84737379846024 32.932419602639435, 72.68940052740012 32.99785427400499, 72.55374580417921 33.1019458041792, 72.449654274005 33.23760052740012, 72.38421960263945 33.395573798460234, 72.36190105480024 33.56509999999999, 72.38421960263945 33.73462620153976, 72.449654274005 33.89259947259988, 72.55374580417921 34.02825419582079, 72.68940052740012 34.13234572599501, 72.84737379846024 34.19778039736056, 73.0169 34.22009894519976, 73.18642620153977 34.197780397360546, 73.34439947259989 34.132345725995016, 73.4800541958208 34.02825419582079, 73.58414572599501 33.89259947259988, 73.64958039736057 33.73462620153976, 73.67189894519977 33.56509999999999))"
Multan,Punjab,3720,1872000,30.1575,71.5249,Multan,Punjab,1872000,503.23,37.7,62.3,2.18,57.2,75.0,276786,2023,PBS_SyntheticCensus_2023,Medium,Mixed,10020662386.14,10020.6624,357191.53,0.987,"POLYGON ((72.07437570025142 30.157500000000002, 72.05565276979112 30.01528522395389, 72.00075991517997 29.88276214987428, 71.913437993745 29.76896200625499, 71.7996378501257 29.68164008482002, 71.66711477604613 29.626747230208874, 71.5249 29.608024299748585, 71.38268522395389 29.626747230208885, 71.2501621498743 29.681640084820014, 71.136362006255 29.768962006254984, 71.04904008482004 29.88276214987428, 70.9941472302089 30.015285223953896, 70.97542429974858 30.157499999999995, 70.9941472302089 30.29971477604612, 71.04904008482004 30.43223785012571, 71.136362006255 30.54603799374501, 71.2501621498743 30.633359915179977, 71.38268522395389 30.688252769791116, 71.5249 30.706975700251423, 71.66711477604613 30.688252769791102, 71.7996378501257 30.633359915179977, 71.913437993745 30.54603799374501, 72.00075991517997 30.432237850125702, 72.05565276979112 30.299714776046113, 72.07437570025142 30.157500000000002))"
Gujranwala,Punjab,3622,2027000,32.1877,74.1945,Gujranwala,Punjab,2027000,559.64,41.1,58.9,1.66,68.1,66.8,287242,2023,PBS_SyntheticCensus_2023,Medium,Mixed,9596419551.01,9596.4196,349976.32,0.9846,"POLYGON ((74.73668967651643 32.1877, 74.71821501129455 32.04737098565956, 74.6640500335329 31.91660516174178, 74.57788599695412 31.80431400304589, 74.46559483825823 31.7181499664671, 74.33482901434043 31.663984988705458, 74.1945 31.645510323483553, 74.05417098565958 31.663984988705458, 73.92340516174178 31.7181499664671, 73.8111140030459 31.804314003045874, 73.72494996646711 31.91660516174178, 73.67078498870546 32.04737098565956, 73.65231032348358 32.1877, 73.67078498870546 32.32802901434043, 73.72494996646711 32.45879483825821, 73.8111140030459 32.57108599695411, 73.92340516174178 32.65725003353289, 74.05417098565958 32.71141501129454, 74.1945 32.72988967651643, 74.33482901434043 32.711415011294534, 74.46559483825823 32.6572500335329, 74.57788599695412 32.57108599695411, 74.6640500335329 32.458794838258214, 74.71821501129455 32.32802901434042, 74.73668967651643 32.1877))"
Sialkot,Punjab,3016,3893000,32.4945,74.5229,Sialkot,Punjab,3893000,1290.78,40.2,59.8,2.27,63.8,71.3,566988,2023,PBS_SyntheticCensus_2023,High,Mixed,7970084321.91,7970.0843,319011.5,0.9841,"POLYGON ((75.01765784568455 32.494499999999995, 75.00079938090585 32.36644724682294, 74.95137286308449 32.24712107715772, 74.87274662772879 32.14465337227121, 74.77027892284228 32.06602713691552, 74.65095275317707 32.016600619094156, 74.5229 31.999742154315456, 74.39484724682295 32.01660061909416, 74.27552107715773 32.06602713691553, 74.17305337227123 32.14465337227121, 74.09442713691553 32.24712107715772, 74.04500061909417 32.36644724682296, 74.02814215431546 32.49450000000001, 74.04500061909417 32.622552753177054, 74.09442713691553 32.74187892284227, 74.17305337227123 32.84434662772879, 74.27552107715773 32.92297286308448, 74.39484724682295 32.97239938090584, 74.5229 32.989257845684534, 74.65095275317707 32.97239938090585, 74.77027892284228 32.922972863084475, 74.87274662772879 32.84434662772879, 74.95137286308449 32.741878922842275, 75.00079938090585 32.62255275317706, 75.01765784568455 32.494499999999995))"
Bahawalpur,Punjab,24830,3668000,29.3956,71.6836,Bahawalpur,Punjab,3668000,147.72,52.7,47.3,1.8,59.4,61.5,569643,2023,PBS_SyntheticCensus_2023,Low,Mixed,67402466940.79,67402.4669,926022.69,0.9877,"POLYGON ((73.10319800709392 29.39559999999999, 73.0548263780005 29.02818099937452, 72.9130079373051 28.685800996453043, 72.68740737737501 28.39179262262499, 72.39339900354695 28.166192062694922, 72.05101900062549 28.024373621999505, 71.6836 27.9760019929061, 71.31618099937452 28.024373621999505, 70.97380099645305 28.166192062694915, 70.67979262262499 28.39179262262499, 70.45419206269491 28.685800996453047, 70.3123736219995 29.02818099937452, 70.26400199290609 29.395599999999998, 70.3123736219995 29.763019000625484, 70.45419206269491 30.105399003546953, 70.67979262262499 30.39940737737501, 70.97380099645305 30.62500793730508, 71.31618099937452 30.766826378000495, 71.6836 30.8151980070939, 72.05101900062549 30.766826378000502, 72.39339900354695 30.62500793730508, 72.68740737737501 30.39940737737501, 72.9130079373051 30.10539900354696, 73.0548263780005 29.763019000625484, 73.10319800709392 29.39559999999999))"
Sargodha,Punjab,5854,3490000,32.0836,72.6711,Sargodha,Punjab,3490000,596.17,47.6,52.4,2.18,57.8,61.4,510261,2023,PBS_SyntheticCensus_2023,Medium,Mixed,15481661219.28,15481.6612,444490.86,0.9847,"POLYGON ((73.3603922257077 32.0836, 73.33690516267133 31.905198044345738, 73.26804457809398 31.73895388714615, 73.15850320701708 31.596196792982912, 73.01574611285385 31.48665542190601, 72.84950195565425 31.417794837328657, 72.6711 31.394307774292287, 72.49269804434574 31.41779483732866, 72.32645388714614 31.48665542190601, 72.18369679298291 31.596196792982912, 72.07415542190601 31.738953887146142, 72.00529483732866 31.90519804434574, 71.98180777429229 32.0836, 72.00529483732866 32.262001955654256, 72.07415542190601 32.428246112853834, 72.18369679298291 32.57100320701708, 72.32645388714614 32.68054457809398, 72.49269804434574 32.74940516267133, 72.6711 32.772892225707686, 72.84950195565425 32.749405162671344, 73.01574611285385 32.68054457809397, 73.15850320701708 32.57100320701708, 73.26804457809398 32.42824611285385, 73.33690516267133 32.262001955654256, 73.3603922257077 32.0836))"
Gujrat,Punjab,3192,3101000,32.5742,74.0779,Gujrat,Punjab,3101000,971.49,45.7,54.3,2.27,58.7,69.9,494186,2023,PBS_SyntheticCensus_2023,Medium,Mixed,8419104495.88,8419.1045,327892.84,0.984,"POLYGON ((74.5868890771829 32.5742, 74.56954569495001 32.442463933075906, 74.5186974710892 32.31970546140855, 74.43780962802592 32.21429037197408, 74.33239453859144 32.1334025289108, 74.20963606692409 32.08255430504999, 74.0779 32.065210922817094, 73.94616393307591 32.08255430504999, 73.82340546140856 32.13340252891081, 73.71799037197408 32.21429037197408, 73.6371025289108 32.31970546140854, 73.58625430504999 32.442463933075906, 73.5689109228171 32.5742, 73.58625430504999 32.70593606692408, 73.6371025289108 32.82869453859144, 73.71799037197408 32.934109628025894, 73.82340546140856 33.01499747108918, 73.94616393307591 33.06584569494999, 74.0779 33.083189077182894, 74.20963606692409 33.065845694950006, 74.33239453859144 33.01499747108919, 74.43780962802592 32.934109628025894, 74.5186974710892 32.82869453859144, 74.56954569495001 32.70593606692409, 74.5868890771829 32.5742))"
Sahiwal,Punjab,3201,2207000,30.6682,73.1084,Sahiwal,Punjab,2207000,689.47,43.1,56.9,2.44,63.1,73.4,400201,2023,PBS_SyntheticCensus_2023,Medium,Mixed,8598815264.7,8598.8153,330974.77,0.9864,"POLYGON ((73.61810613188526 30.668199999999995, 73.60073831660587 30.53627834566255, 73.54981845867734 30.413346934057383, 73.46881666226842 30.30778333773157, 73.36325306594263 30.226781541322676, 73.24032165433746 30.17586168339413, 73.1084 30.158493868114743, 72.97647834566257 30.17586168339414, 72.85354693405739 30.22678154132267, 72.74798333773158 30.30778333773157, 72.66698154132267 30.413346934057376, 72.61606168339414 30.536278345662566, 72.59869386811475 30.668199999999995, 72.61606168339414 30.800121654337435, 72.66698154132267 30.923053065942614, 72.74798333773158 31.028616662268423, 72.85354693405739 31.10961845867733, 72.97647834566256 31.16053831660586, 73.1084 31.177906131885248, 73.24032165433744 31.16053831660586, 73.36325306594263 31.10961845867733, 73.46881666226842 31.028616662268423, 73.54981845867734 30.92305306594262, 73.60073831660587 30.800121654337435, 73.61810613188526 30.668199999999995))"
Karachi,Sindh,3527,16094000,24.8607,67.0011,Karachi,Sindh,16094000,4563.08,53.4,46.6,2.32,47.7,65.4,2507700,2023,PBS_SyntheticCensus_2023,High,Mixed,9955208518.75,9955.2085,355271.11,0.9912,"POLYGON ((67.5361319917586 24.8607, 67.51790121873051 24.722223530793737, 67.46445129670033 24.593184004120697, 67.37942474952425 24.482375250475744, 67.2686159958793 24.39734870329966, 67.13957646920626 24.34389878126949, 67.0011 24.325668008241394, 66.86262353079373 24.343898781269488, 66.73358400412069 24.39734870329966, 66.62277525047574 24.482375250475748, 66.53774870329966 24.593184004120697, 66.48429878126947 24.722223530793737, 66.4660680082414 24.860700000000005, 66.48429878126947 24.99917646920626, 66.53774870329966 25.128215995879298, 66.62277525047574 25.239024749524255, 66.73358400412069 25.324051296700336, 66.86262353079373 25.37750121873051, 67.0011 25.395731991758602, 67.13957646920626 25.377501218730515, 67.2686159958793 25.32405129670034, 67.37942474952425 25.23902474952425, 67.46445129670033 25.128215995879305, 67.51790121873051 24.999176469206258, 67.5361319917586 24.8607))"
Hyderabad,Sindh,1006,1732000,25.396,68.3578,Hyderabad,Sindh,1732000,1721.67,48.8,51.2,1.86,62.5,61.1,268852,2023,PBS_SyntheticCensus_2023,High,Mixed,2824791973.69,2824.792,189275.99,0.9908,"POLYGON ((68.64354327075952 25.396000000000004, 68.63380680491494 25.32204419951754, 68.6052609314382 25.25312836462023, 68.55985100443249 25.193948995567514, 68.50067163537976 25.148539068561796, 68.43175580048245 25.119993195085065, 68.3578 25.110256729240472, 68.28384419951755 25.119993195085062, 68.21492836462023 25.1485390685618, 68.1557489955675 25.193948995567517, 68.1103390685618 25.25312836462023, 68.08179319508506 25.322044199517553, 68.07205672924047 25.396, 68.08179319508506 25.46995580048245, 68.1103390685618 25.538871635379763, 68.1557489955675 25.59805100443248, 68.21492836462023 25.6434609314382, 68.28384419951755 25.672006804914936, 68.3578 25.68174327075953, 68.43175580048245 25.672006804914936, 68.50067163537976 25.643460931438202, 68.55985100443249 25.59805100443248, 68.6052609314382 25.53887163537976, 68.63380680491494 25.469955800482452, 68.64354327075952 25.396000000000004))"
Sukkur,Sindh,5165,841000,27.7052,68.8574,Sukkur,Sindh,841000,162.83,43.6,56.4,1.83,55.8,72.7,127069,2023,PBS_SyntheticCensus_2023,Low,Mixed,14218675917.93,14218.6759,424995.06,0.9892,"POLYGON ((69.5048588687867 27.705199999999998, 69.48279724282098 27.53762531383747, 69.41811582827482 27.38147056560665, 69.31522255665844 27.24737744334155, 69.18112943439336 27.144484171725175, 69.02497468616254 27.079802757179017, 68.8574 27.057741131213298, 68.68982531383746 27.079802757179014, 68.53367056560664 27.14448417172518, 68.39957744334156 27.247377443341556, 68.29668417172518 27.38147056560665, 68.23200275717903 27.537625313837474, 68.2099411312133 27.7052, 68.23200275717903 27.87277468616253, 68.29668417172518 28.028929434393344, 68.39957744334156 28.16302255665844, 68.53367056560664 28.265915828274814, 68.68982531383746 28.330597242820982, 68.8574 28.352658868786698, 69.02497468616254 28.330597242820982, 69.18112943439336 28.26591582827482, 69.31522255665844 28.16302255665844, 69.41811582827482 28.02892943439335, 69.48279724282098 27.872774686162533, 69.5048588687867 27.705199999999998))"
Larkana,Sindh,7738,1522000,27.559,68.2137,Larkana,Sindh,1522000,196.69,56.0,44.0,1.83,52.7,74.9,240934,2023,PBS_SyntheticCensus_2023,Low,Mixed,21332904443.09,21332.9044,520539.88,0.9894,"POLYGON ((69.00618560797295 27.559, 68.97918231570347 27.35388963168695, 68.90001266863813 27.162757196013523, 68.77407194739041 26.998628052609586, 68.60994280398647 26.87268733136187, 68.41881036831305 26.79351768429654, 68.2137 26.766514392027045, 68.00858963168696 26.79351768429654, 67.81745719601354 26.872687331361877, 67.6533280526096 26.998628052609583, 67.52738733136188 27.162757196013526, 67.44821768429654 27.353889631686954, 67.42121439202705 27.558999999999997, 67.44821768429654 27.764110368313048, 67.52738733136188 27.95524280398647, 67.6533280526096 28.119371947390416, 67.81745719601354 28.24531266863813, 68.00858963168696 28.32448231570346, 68.2137 28.35148560797294, 68.41881036831305 28.324482315703463, 68.60994280398647 28.245312668638125, 68.77407194739041 28.119371947390416, 68.90001266863813 27.955242803986476, 68.97918231570347 27.764110368313045, 69.00618560797295 27.559))"
Nawabshah,Sindh,4051,1477000,26.2442,68.41,Nawabshah,Sindh,1477000,364.6,45.6,54.4,1.43,50.4,72.0,242640,2023,PBS_SyntheticCensus_2023,Medium,Mixed,11295419944.23,11295.4199,378591.66,0.9903,"POLYGON ((68.98340059967458 26.244200000000006, 68.96386244803531 26.09579300433101, 68.90657948586342 25.95749970016271, 68.81545545236632 25.83874454763367, 68.69670029983729 25.74762051413658, 68.55840699566899 25.69033755196468, 68.41 25.670799400325414, 68.261593004331 25.69033755196468, 68.1232997001627 25.747620514136585, 68.00454454763369 25.838744547633674, 67.91342051413658 25.95749970016271, 67.85613755196468 26.09579300433101, 67.83659940032541 26.2442, 67.85613755196468 26.39260699566898, 67.91342051413658 26.530900299837285, 68.00454454763369 26.64965545236632, 68.1232997001627 26.740779485863417, 68.261593004331 26.798062448035314, 68.41 26.817600599674574, 68.55840699566899 26.798062448035317, 68.69670029983729 26.740779485863413, 68.81545545236632 26.64965545236632, 68.90657948586342 26.530900299837285, 68.96386244803531 26.392606995668984, 68.98340059967458 26.244200000000006))"
Peshawar,KPK,1257,2981000,34.015,71.5249,Peshawar,KPK,2981000,2371.52,25.5,74.5,1.79,53.8,73.0,472217,2023,PBS_SyntheticCensus_2023,High,Rural,3248227283.02,3248.2273,203889.02,0.9819,"POLYGON ((71.84430716939164 34.015, 71.83342363401727 33.93233134141916, 71.80151472284403 33.85529641530418, 71.75075497543642 33.789145024563574, 71.68460358469582 33.73838527715596, 71.60756865858085 33.70647636598274, 71.5249 33.69559283060837, 71.44223134141916 33.70647636598274, 71.36519641530418 33.73838527715596, 71.29904502456358 33.789145024563574, 71.24828527715597 33.85529641530418, 71.21637636598274 33.93233134141916, 71.20549283060836 34.01499999999999, 71.21637636598274 34.09766865858085, 71.24828527715597 34.17470358469581, 71.29904502456358 34.24085497543643, 71.36519641530418 34.29161472284404, 71.44223134141916 34.32352363401727, 71.5249 34.33440716939163, 71.60756865858085 34.32352363401728, 71.68460358469582 34.291614722844045, 71.75075497543642 34.24085497543643, 71.80151472284403 34.17470358469581, 71.83342363401727 34.097668658580844, 71.84430716939164 34.015))"
Mardan,KPK,1632,2373000,34.1986,72.0404,Mardan,KPK,2373000,1454.04,24.3,75.7,1.67,51.2,64.9,341698,2023,PBS_SyntheticCensus_2023,High,Rural,4210800192.09,4210.8002,232176.51,0.9816,"POLYGON ((72.40434612390494 34.198600000000006, 72.3919449604576 34.10440381174215, 72.35558658891057 34.01662693804753, 72.29774877219975 33.94125122780026, 72.22237306195248 33.883413411089435, 72.13459618825785 33.84705503954241, 72.0404 33.83465387609506, 71.94620381174217 33.84705503954242, 71.85842693804753 33.88341341108944, 71.78305122780026 33.94125122780026, 71.72521341108944 34.01662693804753, 71.68885503954242 34.10440381174216, 71.67645387609507 34.1986, 71.68885503954242 34.29279618825783, 71.72521341108944 34.380573061952454, 71.78305122780026 34.45594877219973, 71.85842693804753 34.513786588910556, 71.94620381174217 34.55014496045758, 72.0404 34.562546123904944, 72.13459618825785 34.55014496045757, 72.22237306195248 34.51378658891056, 72.29774877219975 34.45594877219973, 72.35558658891057 34.38057306195247, 72.3919449604576 34.29279618825783, 72.40434612390494 34.198600000000006))"
Abbottabad,KPK,1967,1332000,34.1464,73.2117,Abbottabad,KPK,1332000,677.17,24.4,75.6,1.77,53.1,71.8,193249,2023,PBS_SyntheticCensus_2023,Medium,Rural,5087296452.53,5087.2965,255188.34,0.9817,"POLYGON ((73.61125742092858 34.1464, 73.59764283196037 34.04298692985162, 73.55772687679475 33.946621289535706, 73.49422976181201 33.863870238187985, 73.4114787104643 33.80037312320525, 73.31511307014836 33.76045716803963, 73.2117 33.74684257907141, 73.10828692985163 33.76045716803963, 73.01192128953569 33.80037312320525, 72.92917023818798 33.86387023818799, 72.86567312320524 33.94662128953569, 72.82575716803962 34.04298692985164, 72.8121425790714 34.14639999999999, 72.82575716803962 34.24981307014836, 72.86567312320524 34.3461787104643, 72.92917023818798 34.42892976181201, 73.01192128953569 34.49242687679474, 73.10828692985163 34.53234283196038, 73.2117 34.54595742092858, 73.31511307014836 34.53234283196038, 73.4114787104643 34.49242687679475, 73.49422976181201 34.42892976181201, 73.55772687679475 34.346178710464294, 73.59764283196037 34.24981307014836, 73.61125742092858 34.1464))"
Swat,KPK,5337,2309000,35.2227,72.4258,Swat,KPK,2309000,432.64,25.3,74.7,1.95,50.9,67.4,371005,2023,PBS_SyntheticCensus_2023,Medium,Rural,13610172885.34,13610.1729,417787.39,0.9799,"POLYGON ((73.0839511168587 35.22270000000001, 73.0615251613748 35.05235795640148, 72.99577558672873 34.893624441570644, 72.89118311777628 34.75731688222372, 72.75487555842935 34.65272441327127, 72.59614204359852 34.58697483862519, 72.4258 34.5645488831413, 72.25545795640149 34.58697483862519, 72.09672444157064 34.652724413271265, 71.96041688222371 34.75731688222372, 71.85582441327126 34.89362444157065, 71.79007483862519 35.05235795640148, 71.76764888314129 35.222699999999996, 71.79007483862519 35.39304204359852, 71.85582441327126 35.551775558429355, 71.96041688222371 35.688083117776266, 72.09672444157064 35.792675586728734, 72.25545795640149 35.85842516137481, 72.4258 35.88085111685871, 72.59614204359852 35.85842516137481, 72.75487555842935 35.792675586728734, 72.89118311777628 35.68808311777628, 72.99577558672873 35.551775558429355, 73.0615251613748 35.39304204359852, 73.0839511168587 35.22270000000001))"
Mansehra,KPK,4579,1574000,34.3333,73.2,Mansehra,KPK,1574000,343.74,14.8,85.2,1.34,48.0,71.2,228135,2023,PBS_SyntheticCensus_2023,Medium,Rural,11816582769.46,11816.5828,388983.23,0.9814,"POLYGON ((73.80962440254837 34.3333, 73.78885195475752 34.17551759426122, 73.7279502193738 34.02848779872581, 73.63106954901875 33.90223045098125, 73.50481220127419 33.8053497806262, 73.35778240573877 33.74444804524248, 73.2 33.72367559745163, 73.04221759426125 33.744448045242486, 72.89518779872581 33.8053497806262, 72.76893045098126 33.90223045098125, 72.67204978062621 34.02848779872581, 72.61114804524249 34.175517594261244, 72.59037559745164 34.333299999999994, 72.61114804524249 34.49108240573876, 72.67204978062621 34.638112201274176, 72.76893045098126 34.76436954901874, 72.89518779872581 34.86125021937379, 73.04221759426125 34.9221519547575, 73.2 34.942924402548364, 73.35778240573877 34.9221519547575, 73.50481220127419 34.861250219373794, 73.63106954901875 34.76436954901874, 73.7279502193738 34.63811220127417, 73.78885195475752 34.49108240573876, 73.80962440254837 34.3333))"
Quetta,Balochistan,2653,1001000,30.1798,66.975,Quetta,Balochistan,1001000,377.31,26.1,73.9,2.65,42.2,73.9,156437,2023,PBS_SyntheticCensus_2023,Medium,Rural,7141138199.8,7141.1382,301537.83,0.9869,"POLYGON ((67.43902955890724 30.179800000000004, 67.42321813511002 30.05970031266428, 67.37686138612055 29.947785220546375, 67.30311844777431 29.851681552225685, 67.20701477945362 29.777938613879446, 67.0950996873357 29.73158186488998, 66.975 29.715770441092758, 66.85490031266428 29.731581864889964, 66.74298522054637 29.77793861387943, 66.6468815522257 29.851681552225685, 66.57313861387944 29.947785220546375, 66.52678186488997 30.05970031266428, 66.51097044109275 30.179800000000004, 66.52678186488997 30.299899687335717, 66.57313861387944 30.41181477945362, 66.6468815522257 30.507918447774305, 66.74298522054637 30.58166138612056, 66.85490031266428 30.628018135110022, 66.975 30.643829558907242, 67.0950996873357 30.62801813511003, 67.20701477945362 30.58166138612055, 67.30311844777431 30.507918447774298, 67.37686138612055 30.411814779453614, 67.42321813511002 30.299899687335717, 67.43902955890724 30.179800000000004))"
Turbat,Balochistan,44819,682000,26.0022,63.044,Turbat,Balochistan,682000,15.22,27.0,73.0,1.52,42.3,74.7,115500,2023,PBS_SyntheticCensus_2023,Low,Rural,126326753198.85,126326.7532,1266001.46,0.9905,"POLYGON ((64.95125210277943 26.0022, 64.88626406331878 25.50856683198885, 64.69572877242828 25.048573948610287, 64.39263089530763 24.653569104692362, 63.997626051389716 24.35047122757173, 63.53763316801114 24.159935936681222, 63.044 24.094947897220575, 62.55036683198885 24.159935936681226, 62.090373948610285 24.350471227571727, 61.695369104692375 24.653569104692355, 61.392271227571726 25.048573948610287, 61.20173593668122 25.50856683198885, 61.13674789722057 26.002199999999995, 61.20173593668122 26.495833168011142, 61.392271227571726 26.955826051389703, 61.69536910469236 27.350830895307627, 62.090373948610285 27.653928772428266, 62.55036683198885 27.844464063318775, 63.044 27.909452102779422, 63.53763316801114 27.844464063318775, 63.997626051389716 27.65392877242827, 64.39263089530763 27.35083089530763, 64.69572877242828 26.95582605138971, 64.88626406331878 26.495833168011146, 64.95125210277943 26.0022))"
Khuzdar,Balochistan,37739,600000,27.812,66.627,Khuzdar,Balochistan,600000,15.9,30.2,69.8,2.12,41.0,56.4,85506,2023,PBS_SyntheticCensus_2023,Low,Rural,103937120223.69,103937.1202,1149105.78,0.9891,"POLYGON ((68.37713768053253 27.812, 68.317503185188 27.359031036726634, 68.14266369146154 26.936931159733742, 67.86453422191464 26.574465778085365, 67.50206884026625 26.296336308538468, 67.07996896327336 26.121496814811994, 66.627 26.06186231946748, 66.17403103672663 26.12149681481199, 65.75193115973374 26.296336308538468, 65.38946577808535 26.57446577808536, 65.11133630853845 26.936931159733746, 64.93649681481199 27.359031036726634, 64.87686231946748 27.811999999999998, 64.93649681481199 28.264968963273365, 65.11133630853845 28.687068840266264, 65.38946577808535 29.049534221914637, 65.75193115973373 29.327663691461535, 66.17403103672663 29.502503185188008, 66.627 29.56213768053252, 67.07996896327336 29.502503185188008, 67.50206884026625 29.327663691461527, 67.86453422191464 29.049534221914637, 68.14266369146154 28.687068840266264, 68.317503185188 28.264968963273365, 68.37713768053253 27.812))"
Chaman,Balochistan,8253,250000,30.9126,66.4512,Chaman,Balochistan,250000,30.29,25.4,74.6,2.12,44.1,80.8,36766,2023,PBS_SyntheticCensus_2023,Low,Rural,22062821035.42,22062.821,530234.1,0.9861,"POLYGON ((67.26963264485009 30.912599999999998, 67.24174522873878 30.70077404437917, 67.15998346172667 30.50338367757495, 67.02991927311794 30.33388072688206, 66.86041632242505 30.203816538273326, 66.66302595562084 30.122054771261222, 66.4512 30.094167355149906, 66.23937404437918 30.12205477126122, 66.04198367757495 30.203816538273333, 65.87248072688206 30.33388072688206, 65.74241653827333 30.50338367757495, 65.66065477126122 30.70077404437917, 65.63276735514991 30.912599999999998, 65.66065477126122 31.12442595562083, 65.74241653827333 31.32181632242505, 65.87248072688206 31.491319273117952, 66.04198367757495 31.621383461726666, 66.23937404437916 31.703145228738776, 66.4512 31.731032644850096, 66.66302595562082 31.70314522873877, 66.86041632242505 31.621383461726666, 67.02991927311794 31.491319273117945, 67.15998346172667 31.321816322425043, 67.24174522873878 31.12442595562083, 67.26963264485009 30.912599999999998))"
Gwadar,Balochistan,12637,91000,25.1216,62.3254,Gwadar,Balochistan,91000,7.2,22.9,77.1,2.09,45.1,78.9,14773,2023,PBS_SyntheticCensus_2023,Low,Rural,35960147075.72,35960.1471,675271.04,0.991,"POLYGON ((63.33814244943645 25.1216, 63.3036340872899 24.85948296630207, 63.20246068870284 24.615228775281782, 63.04151705359198 24.40548294640802, 62.83177122471822 24.244539311297164, 62.58751703369793 24.14336591271009, 62.32540000000001 24.108857550563567, 62.063282966302076 24.1433659127101, 61.81902877528179 24.24453931129717, 61.60928294640802 24.40548294640802, 61.448339311297175 24.615228775281775, 61.347165912710096 24.85948296630207, 61.31265755056357 25.1216, 61.347165912710096 25.383717033697923, 61.448339311297175 25.62797122471822, 61.60928294640802 25.83771705359198, 61.81902877528179 25.998660688702827, 62.063282966302076 26.099834087289913, 62.32540000000001 26.13434244943644, 62.58751703369793 26.099834087289906, 62.83177122471822 25.998660688702827, 63.04151705359198 25.83771705359198, 63.20246068870284 25.627971224718216, 63.3036340872899 25.38371703369793, 63.33814244943645 25.1216))"
Islamabad,ICT,906,1145000,33.7294,73.0931,Islamabad,ICT,1145000,1263.8,98.0,2.0,2.73,82.1,62.9,155777,2023,PBS_SyntheticCensus_2023,High,Highly Urban,2354092732.22,2354.0927,173533.46,0.9824,"POLYGON ((73.36426967465393 33.7294, 73.35502979205462 33.6592161237453, 73.32793982698627 33.59381516267303, 73.28484591579995 33.53765408420007, 73.22868483732697 33.49456017301374, 73.1632838762547 33.467470207945375, 73.09310000000002 33.458230325346086, 73.02291612374532 33.467470207945375, 72.95751516267305 33.49456017301374, 72.90135408420007 33.53765408420007, 72.85826017301375 33.593815162673046, 72.83117020794539 33.6592161237453, 72.82193032534609 33.7294, 72.83117020794539 33.79958387625469, 72.85826017301375 33.86498483732696, 72.90135408420007 33.921145915799926, 72.95751516267305 33.96423982698625, 73.02291612374532 33.99132979205463, 73.09310000000002 34.00056967465391, 73.1632838762547 33.99132979205463, 73.22868483732697 33.96423982698626, 73.28484591579995 33.92114591579993, 73.32793982698627 33.86498483732696, 73.35502979205462 33.79958387625468, 73.36426967465393 33.7294))"
Gilgit,GB,42000,330000,35.922,74.3085,Gilgit,GB,330000,7.86,16.1,83.9,1.31,63.2,66.2,44491,2023,PBS_SyntheticCensus_2023,Low,Rural,106542185254.62,106542.1853,1169705.36,0.9785,"POLYGON ((76.15479743530803 35.92199999999999, 76.0918863757753 35.44414306081834, 75.90744048191881 34.99885128234598, 75.61402943659364 34.616470563406345, 75.23164871765401 34.32305951808117, 74.78635693918166 34.13861362422469, 74.3085 34.07570256469196, 73.83064306081833 34.138613624224696, 73.38535128234598 34.323059518081166, 73.00297056340635 34.61647056340635, 72.70955951808118 34.99885128234598, 72.52511362422469 35.44414306081834, 72.46220256469196 35.922000000000004, 72.52511362422469 36.399856939181646, 72.70955951808118 36.84514871765401, 73.00297056340635 37.22752943659365, 73.38535128234598 37.52094048191881, 73.83064306081833 37.70538637577529, 74.3085 37.76829743530802, 74.78635693918166 37.7053863757753, 75.23164871765401 37.52094048191881, 75.61402943659364 37.22752943659364, 75.90744048191881 36.84514871765401, 76.0918863757753 36.39985693918166, 76.15479743530803 35.92199999999999))"
Skardu,GB,55000,258000,35.3197,75.5464,Skardu,GB,258000,4.69,12.9,87.1,2.16,64.2,84.0,39806,2023,PBS_SyntheticCensus_2023,Low,Rural,140991045615.86,140991.0456,1344817.91,0.9797,"POLYGON ((77.65919989181236 35.31969999999999, 77.5872079812823 34.772867149508414, 77.37613837942251 34.26330005409381, 77.04037513079072 33.82572486920926, 76.60279994590618 33.489961620577475, 76.09323285049159 33.27889201871769, 75.5464 33.20690010818765, 74.99956714950842 33.2788920187177, 74.49000005409383 33.48996162057748, 74.05242486920929 33.82572486920926, 73.7166616205775 34.26330005409381, 73.5055920187177 34.77286714950842, 73.43360010818765 35.3197, 73.5055920187177 35.86653285049159, 73.7166616205775 36.376099945906184, 74.05242486920929 36.81367513079072, 74.49000005409383 37.1494383794225, 74.99956714950842 37.3605079812823, 75.5464 37.432499891812355, 76.09323285049159 37.360507981282296, 76.60279994590618 37.14943837942251, 77.04037513079072 36.81367513079072, 77.37613837942251 36.376099945906184, 77.5872079812823 35.86653285049158, 77.65919989181236 35.31969999999999))"
Muzaffarabad,AJK,1642,725000,34.37,73.47,Muzaffarabad,AJK,725000,441.53,32.1,67.9,1.51,54.3,70.1,117634,2023,PBS_SyntheticCensus_2023,Medium,Rural,4237570394.83,4237.5704,232946.66,0.9813,"POLYGON ((73.83505945206045 34.36999999999999, 73.82262035287611 34.27551566121206, 73.78615075937597 34.187470273969765, 73.7281360140882 34.1118639859118, 73.65252972603022 34.053849240624025, 73.56448433878793 34.017379647123875, 73.47 34.00494054793955, 73.37551566121206 34.01737964712387, 73.28747027396977 34.053849240624025, 73.2118639859118 34.1118639859118, 73.15384924062403 34.18747027396977, 73.11737964712388 34.27551566121206, 73.10494054793955 34.36999999999999, 73.11737964712388 34.46448433878794, 73.15384924062403 34.552529726030215, 73.2118639859118 34.628136014088184, 73.28747027396977 34.68615075937597, 73.37551566121206 34.72262035287612, 73.47 34.73505945206045, 73.56448433878793 34.72262035287613, 73.65252972603022 34.68615075937597, 73.7281360140882 34.628136014088184, 73.78615075937597 34.55252972603022, 73.82262035287611 34.46448433878793, 73.83505945206045 34.36999999999999))"
Mirpur,AJK,1010,456000,33.1477,73.7503,Mirpur,AJK,456000,451.49,27.9,72.1,1.69,64.3,76.5,62531,2023,PBS_SyntheticCensus_2023,Medium,Rural,2645066684.97,2645.0667,183863.93,0.9832,"POLYGON ((74.03661078526252 33.1477, 74.02685498183018 33.07359731595578, 73.99825241341482 33.004544607368736, 73.95275229778598 32.94524770221401, 73.89345539263127 32.89974758658517, 73.8244026840442 32.8711450181698, 73.7503 32.86138921473746, 73.67619731595579 32.871145018169805, 73.60714460736872 32.89974758658518, 73.54784770221401 32.945247702214026, 73.50234758658517 33.004544607368736, 73.47374501816981 33.073597315955794, 73.46398921473747 33.14770000000001, 73.47374501816981 33.22180268404419, 73.50234758658517 33.290855392631265, 73.54784770221401 33.350152297785975, 73.60714460736872 33.39565241341484, 73.67619731595579 33.42425498183019, 73.7503 33.43401078526254, 73.8244026840442 33.42425498183019, 73.89345539263127 33.39565241341483, 73.95275229778598 33.35015229778598, 73.99825241341482 33.29085539263126, 74.02685498183018 33.2218026840442, 74.03661078526252 33.1477))"
